Chain Number,Word 1,Word 2,Word 3,Word 4,Word 5
1,comic,karts,krone,shoes,rules
2,swell,woken,expel,lisle,peaks
3,audio,baked,molto,sweet,lapel
4,coded,fibre,leger,scarf,hotch
5,poked,foamy,lamas,loran,paisa
6,harts,fasts,borax,spasm,divas
7,baldy,false,slick,bourg,fared
8,lists,sears,purrs,gully,holed
9,aline,nooks,basal,sinus,slain
10,finds,tired,garth,jaded,mecca
11,ruled,leant,wipes,butts,agate
12,borne,niche,mambo,dowry,abate
13,abide,lands,trams,tasty,pager
14,razor,inlay,lamia,sumac,polos
15,vigil,minds,boner,glove,rinse
16,cusps,sends,bated,tabby,galas
17,petit,fixed,myrrh,limbs,peaky
18,bindi,liars,ficus,pagan,gurus
19,caddy,equip,batty,beach,grill
20,diets,caped,cause,rates,pines
21,flare,joule,death,largo,muggy
22,tardy,rogue,egret,holly,payer
23,gravy,sykes,shire,shove,faxed
24,years,folks,futon,rimes,aglow
25,broad,fluke,grape,roomy,evict
26,radix,amaze,rings,poets,drags
27,clues,fears,hyena,event,spare
28,comas,scant,bruin,fungi,fifth
29,spiel,retro,robed,motif,obeys
30,mutch,recto,tinge,petty,tunes
31,frill,husky,lowly,makes,lunch
32,chide,scull,ghazi,growl,masts
33,thumb,curry,world,trump,cloth
34,boast,story,newly,angry,colon
35,codex,buffy,mitts,eerie,carte
36,redux,kinky,nomad,jumbo,dorms
37,clean,parry,anger,treat,seats
38,topaz,flees,rakes,males,fishy
39,tummy,souls,tubes,guild,boost
40,debug,phlox,weepy,frizz,purge
41,rumen,happy,noddy,mules,riley
42,skids,gazed,pesky,bring,pacha
43,liner,paler,heats,skill,yells
44,crazy,bloom,haute,antsy,baron
45,heirs,calla,aliya,foots,igloo
46,thorn,shalt,beats,atman,lover
47,roams,lager,wahoo,deuce,whiny
48,helps,prawn,cajon,gated,glean
49,badge,firms,licht,natal,rapes
50,shave,noose,pilot,motes,bakes
51,teeny,tonal,cline,techy,mucus
52,snubs,vicar,fines,prong,cokes
53,gauss,plums,flops,glial,bimbo
54,loopy,spiny,colds,cloud,crops
55,modem,swore,forts,gloom,punto
56,stash,drops,bogie,aware,boric
57,flint,roars,white,kafir,gruel
58,squaw,slips,glaze,atoll,heady
59,clung,filer,siren,macho,jihad
60,skate,mulls,spend,novel,pinup
61,drill,mamie,diwan,shuns,pasha
62,stark,hymen,vibes,lakes,weber
63,spoke,sited,pithy,paved,reset
64,rabat,altos,rough,title,lofty
65,eaves,corgi,waugh,inane,boons
66,chute,glass,lathe,eased,filed
67,class,moles,scowl,ostia,vodka
68,cling,sober,beech,fated,knits
69,tapes,sissy,unlit,binge,moved
70,quads,piece,morro,leafy,hails
71,taupe,mealy,droop,abuzz,hills
72,dicky,mazes,neigh,fetch,humid
73,repel,until,floss,quick,tipsy
74,fired,bleed,grout,shams,jelly
75,plead,cells,hikes,mourn,creel
76,tarts,hamza,skews,pygmy,penna
77,merry,mists,boats,spitz,sedge
78,swamp,cupid,beeps,thief,mills
79,frank,nazis,femme,rondo,bitch
80,liven,sarge,sonic,shale,swept
81,cocky,bitty,plush,tuber,cures
82,hafiz,aleph,fakes,spelt,boney
83,jerky,honed,rarer,phage,cream
84,tempo,piety,vitae,crags,north
85,chirp,icons,jails,shaky,mount
86,beefs,summa,irons,shots,dregs
87,shunt,theta,oozed,decaf,shame
88,helio,randy,gloat,rinks,hyper
89,wrack,swain,curio,slide,bluer
90,thing,taluk,mixer,dates,brick
91,clout,expos,soyuz,balls,admit
92,preps,vanda,frisk,hoist,dials
93,demos,flail,vital,notch,hairs
94,impel,point,woven,fixes,lapse
95,gimme,hertz,final,flesh,crone
96,burke,amide,kilts,plant,choir
97,plaza,femur,legit,celts,clink
98,burry,easel,sauce,evade,bogey
99,sassy,claps,fayed,umber,groin
100,doped,climb,erect,hello,prost
101,taste,golem,sabin,barmy,idler
102,niece,hocus,lithe,ilium,loved
103,pisco,deans,woozy,adult,sexes
104,veena,merit,forth,sabra,stair
105,trash,agree,lasso,steps,hence
106,shine,pumas,cilia,bench,tabor
107,bluff,slept,grips,fizzy,merge
108,oddly,caved,merle,loons,livid
109,latte,laird,orbit,pushy,madly
110,apace,crook,dopey,trade,hoody
111,tyres,shiva,infos,bendy,reals
112,foxes,nacho,axial,sushi,moors
113,valve,laces,echos,chile,deals
114,posed,batch,bulge,redox,croft
115,manas,golds,flash,howdy,resin
116,trims,civic,sloop,jaunt,tulip
117,hitch,roses,strut,omits,sager
118,lunar,ulcer,shoot,greek,hoods
119,moves,varna,adios,yanks,verse
120,groan,slang,snoop,tepid,cease
121,promo,brees,hight,morse,basil
122,poach,dobby,there,rafts,nerds
123,tammy,bylaw,ember,ebbed,march
124,diner,anvil,tatar,laden,union
125,hasty,texts,peart,flush,salve
126,codes,fives,traps,beefy,avail
127,alone,beets,racks,gowan,looms
128,ankle,dumpy,plumb,genie,mocks
129,toast,vague,axons,hinge,goose
130,frere,mummy,karst,decor,pekin
131,leach,pouch,stake,donna,baker
132,surer,isles,levee,edges,colas
133,cushy,duvet,bests,solos,girls
134,proud,toddy,ogres,mutts,witch
135,plans,rhino,speed,sales,cento
136,beers,betta,sores,algal,villa
137,kraft,pupil,bread,fella,parts
138,rives,bally,glues,state,minus
139,front,peers,jager,pecks,thump
140,bends,diver,ideal,solus,hears
141,posts,pussy,widen,curie,whoop
142,chalk,iliad,grama,denim,folly
143,mason,waver,brace,gaunt,daisy
144,maple,swipe,curls,glans,bowed
145,homey,burnt,allot,prowl,spews
146,draft,dozen,boobs,blobs,heels
147,gowns,casus,rebut,hooky,lease
148,picky,scots,cable,bonds,odors
149,tarps,canes,snafu,press,lurid
150,hulls,vents,wreak,clone,duchy
151,poses,burns,grins,tiger,ample
152,waves,manse,poems,stops,hefty
153,donor,trend,reign,oiler,heave
154,tails,sally,welts,quell,peeps
155,meted,usury,dents,imbue,album
156,wigan,inked,suede,bilbo,ceded
157,hunch,swamy,goofs,ivory,douse
158,knack,incur,calif,clary,teats
159,coles,fully,texas,scrap,metal
160,ritzy,hobby,ahead,ruddy,flout
161,chang,balmy,scram,beads,stern
162,curvy,whats,cluck,fouls,sambo
163,cheat,pedal,slash,lemon,phony
164,corse,gamut,brats,craft,carts
165,chock,undue,drape,emcee,frock
166,waist,abort,field,hards,goers
167,cover,bolus,storm,fiefs,torah
168,picot,studs,wants,mouse,signs
169,awful,threw,dusky,swiss,lurks
170,massy,court,mamma,truth,floor
171,karat,saves,tongs,bunch,homed
172,pleat,fumes,squad,cotta,owing
173,learn,fling,twice,print,hales
174,spool,mover,pains,clubs,savor
175,cases,vista,sweat,horst,mauve
176,wagon,hedge,bails,flips,green
177,amity,ardor,drums,clans,prima
178,beano,dorks,cutie,caste,staff
179,bared,urges,nixed,turks,talks
180,steed,codon,covey,dicks,beady
181,feuds,arena,wrote,locos,axing
182,aorta,pooch,ledge,frets,homer
183,wrest,tarry,cakes,creed,bumpy
184,sperm,drama,units,locum,trips
185,crush,anima,harem,walla,jerks
186,skits,tight,donne,mired,liang
187,seize,toyed,taboo,slack,decks
188,biked,racer,stand,sheik,twang
189,fight,ninth,fosse,equal,bitsy
190,blips,smote,locus,dowdy,trike
191,patty,strum,brawn,layup,wrist
192,liken,dirge,howls,gamed,serfs
193,whiff,forms,weird,fugue,cubic
194,furor,piney,lapis,imply,grist
195,rites,biota,blink,conte,louis
196,black,adder,titan,egged,combs
197,aloof,devil,crump,chant,lures
198,tater,cites,likes,guano,soaks
199,sense,tenth,flyby,masse,cuffs
200,labor,risen,fence,shear,bones
201,awoke,takes,theme,salts,touts
202,swarm,lungs,staid,koala,limbo
203,worse,fiend,while,sacra,skies
204,beaux,sepia,swoon,shell,token
205,shank,kiosk,liege,slung,neves
206,sleet,sisal,whizz,cisco,dutch
207,frees,dodgy,skiff,minor,costa
208,alive,cheer,ashes,weald,capes
209,nodes,tooth,doled,limps,wheat
210,haste,yards,slots,lynch,nawab
211,tines,basic,axles,ameer,anent
212,slush,games,wally,showy,trick
213,idiom,arias,ladle,gator,dives
214,deter,plays,oomph,geeky,winds
215,levin,spook,batts,paves,train
216,flags,euros,burps,spicy,biles
217,japan,foray,chugs,puree,santo
218,coops,finch,khadi,ariel,fluor
219,canny,dusty,datum,bobby,enema
220,doers,shout,sadly,docks,scent
221,corks,dries,barns,razer,turbo
222,feria,papal,monte,worst,bilge
223,corby,parle,piles,jesse,thaws
224,laver,jocks,braid,fraud,grays
225,liter,hauls,index,hippy,lotte
226,soggy,naval,wacko,items,tours
227,gally,nance,suing,beans,munch
228,stint,penis,briar,stunt,riled
229,beryl,boing,terms,soaps,glyph
230,nadir,grave,words,spate,steal
231,lying,vines,rainy,pears,junta
232,extra,brush,paper,break,raver
233,yield,petal,horns,tinny,crate
234,nihil,honky,float,actin,sorel
235,snaps,truck,dames,lumen,flake
236,boned,vault,erode,sixes,dower
237,fetid,jones,brief,prise,lymph
238,raped,madre,discs,topic,dildo
239,paced,cries,nizam,amuse,jimmy
240,shuck,faves,cured,edict,irony
241,cider,quint,trace,expat,opted
242,costs,mouth,stubs,aptly,coons
243,focal,curly,atlas,bigly,prays
244,frost,heavy,slyly,shawn,singe
245,sorts,blimp,lodge,snail,woops
246,augur,goals,hydra,vases,quote
247,saris,grade,sulky,stiff,tweak
248,being,sully,djinn,hiked,whale
249,filly,haunt,towel,finis,booed
250,spied,south,sieur,wifes,fanny
251,polka,zeros,meaty,means,ditzy
252,belay,claws,askew,malts,coals
253,orcas,betel,glide,swami,urged
254,excel,dimes,lacks,coats,wilds
255,debit,pried,booms,tucks,refit
256,leman,crews,tried,ducts,britt
257,totes,oozes,value,prank,beige
258,clasp,other,clade,bards,faith
259,sadhu,comer,typos,loyal,grads
260,chili,homos,bacon,mated,smack
261,carer,gipsy,sheaf,kappa,rayon
262,icing,facts,deets,peels,elbow
263,plies,pings,thank,sites,oldie
264,xerox,hells,chico,minty,scrim
265,kudos,irate,tones,maids,usher
266,navel,chart,perks,modes,coped
267,speck,parka,copes,boles,lined
268,agave,necks,flock,squib,screw
269,trine,henna,sutra,forte,mensa
270,exert,canna,flirt,forme,afire
271,daddy,wiped,sizes,dobie,seeps
272,moira,seers,start,volta,ploys
273,users,hydro,swabs,testa,sigma
274,apart,knows,menus,defer,erupt
275,sours,shyly,repay,might,snake
276,quire,spoon,chief,adopt,offal
277,blume,picks,perky,kneel,revel
278,dance,pylon,liana,frail,below
279,porno,guest,refer,skull,arbor
280,asses,earls,brass,drive,probe
281,jumpy,abhor,soupy,split,kerry
282,chewy,gongs,catty,horde,gulag
283,gorse,muses,overt,fades,dared
284,yogis,caged,ensue,hulks,zoned
285,flood,ascot,winks,birks,crony
286,filth,fatwa,trier,swank,penal
287,bodes,joins,tubby,fritz,mafia
288,chink,meter,negus,peril,marts
289,rooks,cools,peppy,kraut,pasta
290,match,honda,penne,bravo,nancy
291,sinew,heros,slits,usage,jeans
292,epics,islet,fryer,twine,grief
293,dolor,bulbs,huffy,wager,study
294,joked,macro,vials,artsy,idyll
295,nubia,tithe,slims,dimly,nonce
296,layer,pouty,genes,laced,yogic
297,pests,bonus,idols,edged,clove
298,brunt,alias,acute,types,maven
299,scene,deity,faces,weave,barks
300,sucks,prods,llano,flair,blues
301,horse,carle,flaps,pucks,gales
302,muffs,berry,tells,mikes,manna
303,aspen,ghost,aegis,thong,thine
304,milky,ravel,fault,matzo,ferns
305,liber,masks,tally,loner,syncs
306,maria,shrub,curbs,oxide,lions
307,lends,warns,stone,spake,asset
308,tense,waltz,clunk,erred,proms
309,asana,furry,halve,mania,lolly
310,sways,remix,gross,odeon,query
311,worms,talus,locks,billy,soapy
312,issei,krill,hakim,given,gules
313,coils,pasts,fists,grind,taint
314,byway,tuned,marry,drake,wears
315,stead,mondo,broil,jetty,quiet
316,judas,kiddo,hated,kayak,gored
317,gaudy,epoxy,coney,vogue,moral
318,reels,cores,cubby,toots,marly
319,nexus,donut,bores,scarp,ortho
320,sault,smart,poppy,litre,crier
321,frogs,helix,passe,tanto,prone
322,needs,organ,slink,semen,roast
323,names,fetal,dread,avant,opens
324,stalk,heaps,booby,scamp,again
325,shirk,jukes,quake,corny,khans
326,liens,polyp,rover,pints,razed
327,hires,laugh,conic,awash,hurry
328,seine,dross,lidar,movie,drove
329,canst,busby,posse,feats,heist
330,lopes,chest,guard,biddy,obese
331,frame,backs,caper,tesla,miles
332,jazzy,shawl,bogus,motte,tract
333,spear,pokes,stare,prude,janes
334,lazar,jokes,eater,guile,kebab
335,belch,dunce,fetus,imago,covet
336,coder,tizzy,anime,funny,bleak
337,tacks,nears,manic,knave,inlet
338,setup,rated,coked,hallo,onion
339,cruse,nitty,boxer,opera,terns
340,leggy,tries,thane,fuels,cinch
341,shiny,terse,using,haver,actor
342,guide,reach,aches,fauna,selva
343,spars,booty,lived,buddy,cared
344,amend,karma,boron,queue,shows
345,exits,papas,cargo,tents,irked
346,gates,matin,aurum,mises,pizza
347,vouch,tramp,psalm,oriel,punts
348,knell,sheds,raids,oasis,dares
349,reeve,cache,ratan,belts,latex
350,muddy,scars,spats,verbs,stags
351,putty,funky,kissy,hopes,mungo
352,lough,grunt,overs,gable,steep
353,baggy,color,lauds,ducks,knots
354,range,guise,campy,viper,surge
355,volts,glace,lumpy,aunts,relay
356,uncut,curse,roped,indie,drugs
357,fried,gnome,silky,loser,varia
358,dicey,whose,lysis,dwarf,chins
359,hover,regal,sodom,plume,style
360,close,array,mares,nicer,scale
361,coffs,feral,based,proof,fiver
362,bogan,tiles,biffy,chews,occur
363,gangs,pacer,hurst,belle,mints
364,theft,corps,abbey,bongs,casas
365,hymns,zonal,varus,feign,roofs
366,ridge,eases,temps,crocs,curia
367,satin,rests,lewis,panda,dorky
368,arson,reeks,juror,remit,broke
369,leave,tunic,vetch,bromo,stove
370,hansa,stomp,clays,yerba,sheen
371,meats,outdo,jerry,banal,reefs
372,druid,flows,demon,faint,getup
373,sagas,hides,gouge,saree,ranch
374,hives,tends,wordy,yawns,morel
375,kicks,nutty,tolls,stele,broth
376,lipid,loves,lulls,fluff,quash
377,batik,chums,tasks,snark,chess
378,itchy,chino,meads,elect,wight
379,auras,sigil,smear,sills,harsh
380,payed,biter,riots,heard,modus
381,owner,sorry,grams,renal,bloop
382,culpa,paras,rumba,spoof,plugs
383,lucid,feces,hovel,telex,sized
384,stats,slant,sweep,strep,soups
385,amply,mowed,rural,peter,lemur
386,glebe,lense,vexed,polls,found
387,brute,phone,brood,opine,stool
388,tilde,knelt,leeks,blast,badly
389,exams,force,chill,fatty,whore
390,robin,relax,woman,circa,smirk
391,chips,twigs,bumps,after,porgy
392,pubes,nitro,shrug,becks,paint
393,rotor,synod,flask,cribs,stilt
394,dings,shade,teens,plats,chaos
395,volte,pelts,salsa,cored,combe
396,swift,hates,salad,aggro,risks
397,track,shoal,harpy,sinks,cysts
398,moldy,penny,total,pages,hooks
399,glory,tacky,timed,alley,weirs
400,hobos,bidet,reaps,snags,entry
401,clogs,angel,girth,padre,boxed
402,waxes,saint,dines,paces,budge
403,cocks,slope,piers,mails,sappy
404,bible,khaki,gamba,wills,knees
405,embed,grasp,curve,mound,terra
406,sakes,lobby,older,handy,vagus
407,waste,began,prion,unmet,wombs
408,sayer,strap,duped,modal,pacts
409,aster,still,armor,recon,candy
410,pasty,lance,suits,stood,coves
411,bully,acorn,recce,arrow,riles
412,alike,skein,trots,tarot,sofas
413,palsy,tempt,roose,angle,fille
414,pokey,earns,shoji,scare,tapir
415,roman,taiga,cliff,unity,toxic
416,algae,azure,boxes,upper,tidal
417,daffy,holds,couch,raked,goner
418,neath,shuts,whisk,heres,genii
419,snuff,soles,favor,sneak,cried
420,local,upend,chime,jolly,drain
421,evoke,robes,uncle,china,abuse
422,smite,cobra,sleek,digit,roach
423,rooms,cheek,faker,spent,error
424,clamp,sodas,wheel,lakhs,nerve
425,rajah,synth,throb,humph,kohls
426,drift,annoy,dewan,kerns,ulnar
427,milks,unwed,nudie,gripe,pours
428,score,elder,ganja,exalt,spout
429,feint,going,thugs,feist,aunty
430,wakes,flute,prize,nuked,swath
431,quest,ought,turds,attar,grant
432,hazel,morph,grimy,bawdy,plank
433,cents,mayan,chevy,untie,anode
434,bulls,lobos,woods,aisle,wimpy
435,utter,skeet,house,seedy,liane
436,often,enter,butch,tuner,rifts
437,loony,aides,caned,tweet,hotel
438,folio,clear,harry,scans,baton
439,poser,slave,clerk,dippy,known
440,noses,doggo,adapt,crash,fords
441,footy,beset,swash,moist,mudra
442,crock,aided,asked,stars,snowy
443,sheep,shore,hoops,chive,weedy
444,rival,leapt,photo,spall,libel
445,trays,hosed,await,tides,midst
446,vamps,mumps,bases,pupae,shops
447,annas,sewed,steam,condo,foods
448,raper,biome,belie,ranks,busts
449,vegan,rabbi,junky,duddy,moons
450,swoop,rayed,payee,pappy,stank
451,yeast,domes,pinks,cunts,women
452,phase,crane,cameo,quant,nippy
453,kinks,buxom,ochre,steak,firth
454,arose,pedro,rupee,coral,adieu
455,briny,trove,misty,conus,fowls
456,brash,baths,hadji,opium,bosom
457,swims,lanai,plump,bills,synch
458,sluts,stang,chore,cough,ulama
459,fries,tiers,blunt,sutta,caird
460,gauge,momma,eight,weeds,ethic
461,pious,fares,fiber,graph,serum
462,roger,tenet,inset,doyen,didst
463,derry,giver,nobby,hoots,rehab
464,small,place,loamy,goody,auxin
465,libri,wowed,pools,depth,fleas
466,naked,grits,joint,rubes,trice
467,inert,tamed,scout,adage,smoky
468,brink,bates,ovals,bares,manly
469,plaid,babes,flour,rocks,realm
470,mutes,mixes,mosey,riser,moose
471,loops,faced,bride,ounce,flyer
472,snook,dongs,polis,scrip,taxon
473,sucre,blame,dense,knead,sport
474,intro,gyros,wraps,leaky,brows
475,vests,glens,grope,wring,dixit
476,fumed,depot,clang,puffy,ginny
477,amass,ended,lunge,craze,imams
478,humor,galls,mayor,spurs,pangs
479,licks,lippy,verve,tulle,mixed
480,bouts,valet,ditch,dwell,alpha
481,gizmo,spree,melee,minke,kazoo
482,inept,tower,ditty,antic,fluid
483,staph,segue,snack,infra,blots
484,sixth,attic,enrol,lawns,carve
485,gonzo,testy,evens,scone,bight
486,husks,redid,wales,pivot,folds
487,patsy,rioja,crept,salvo,lifts
488,girly,coven,punch,germs,diary
489,evert,anise,piste,align,seven
490,whack,wryly,catch,devon,shred
491,yikes,miler,missy,trios,ebony
492,birth,rebbe,disks,hades,roots
493,filet,sooty,griff,snare,react
494,flack,buffs,saucy,canoe,sawed
495,genoa,gaffe,kneed,zilch,haves
496,nerdy,cacti,douma,totem,cooks
497,clank,raves,seeks,oases,steel
498,stack,scaly,spurn,foyer,leper
499,cadet,right,decal,norms,saber
500,relic,allow,linen,moray,fates
501,dairy,video,labia,tutti,cuter
502,looks,pinot,unfit,ionic,bonne
503,gears,silos,droit,assay,savvy
504,unite,newts,pater,ripen,magic
505,oleic,named,venal,manor,tench
506,comes,hired,whirl,thins,swine
507,hawks,power,olive,goods,specs
508,river,cramp,nasal,amino,dears
509,matey,tread,reads,hosts,veins
510,wells,paseo,maker,aback,prove
511,friar,saggy,vomit,hares,gaily
512,pales,comma,alarm,sided,caked
513,disco,alloy,roads,glows,aural
514,ovate,burrs,acrid,faxes,rears
515,curds,vowel,blush,later,dolls
516,luger,safes,quail,septa,peavy
517,noted,faded,rowed,hutch,colic
518,stink,rummy,paris,reins,early
519,vulva,guppy,sahib,benes,clump
520,tills,raven,duomo,views,lusty
521,eared,lexis,image,jeeps,shaft
522,fussy,knife,prime,fjord,desks
523,triad,onset,teeth,amiga,ready
524,fonts,radon,taper,swans,raved
525,media,julep,solon,thick,erase
526,yoked,pukes,buyer,amble,delft
527,wades,elves,walls,toned,queer
528,group,cloak,stays,serve,grift
529,voids,armed,gamer,whelp,debts
530,fonds,ceres,cutty,foals,herbs
531,panes,wives,tires,films,punky
532,sabre,shill,kooks,worry,poise
533,slobs,manta,miser,eager,halls
534,wicks,feels,lupus,stony,molly
535,crimp,rusty,muted,spill,weeps
536,taels,nosey,cocos,wiper,shape
537,tonne,duels,odour,natty,scrum
538,rosin,table,gorge,wider,coups
539,titty,talon,dazed,liked,toxin
540,riven,crick,peons,smock,plebs
541,races,shift,butte,choke,yucca
542,scams,paged,draws,smith,exist
543,moped,taxes,among,lacey,poker
544,drawn,bloat,crypt,blurb,dingy
545,stage,vroom,smash,wasps,adorn
546,minny,soled,kites,hunks,wharf
547,could,louie,paste,lurch,baste
548,balsa,meows,sexed,surly,corky
549,joist,cleft,banjo,nappy,saner
550,saute,check,burro,crust,wince
551,piano,mache,proxy,ditto,truly
552,snide,pipes,sieve,smuts,codec
553,viral,graft,moods,rolls,deeds
554,splat,kurta,halos,dewar,dingo
555,mores,slurs,wilts,loath,scuba
556,eaten,mille,write,johns,gruff
557,doors,lossy,tough,ducal,cheep
558,burbs,snore,stork,mesas,fucks
559,spawn,ethos,stuck,short,clave
560,dogma,lochs,lindy,mirza,brock
561,zaire,crack,amigo,argus,havoc
562,gilts,dimer,gooey,keyed,taber
563,cairn,nines,zetas,towed,leone
564,vinyl,walks,shrew,stoic,whist
565,hoard,fable,softy,fazed,fecal
566,taunt,divan,balms,rowdy,bower
567,runny,scorn,brent,seems,count
568,telly,comps,weary,yacht,binds
569,urban,booze,decay,honey,mulla
570,pixel,rents,hogan,bribe,brown
571,lines,downy,legal,weeks,reedy
572,rance,dumps,puppy,bands,conga
573,loach,aphis,seton,wafer,cords
574,fused,playa,agent,hoary,seams
575,chuck,under,venue,ghats,chomp
576,wreck,seeds,zooms,crepe,jinks
577,sandy,scoot,hubby,month,wonky
578,stain,notes,pants,scoop,tilts
579,delve,ponds,loess,freed,click
580,jakes,lower,never,carat,perch
581,night,crumb,least,cocoa,nests
582,clock,compo,basso,plait,falls
583,crank,quays,carbs,beaks,heads
584,bevel,stade,grump,pores,flora
585,radii,agape,giant,larva,shorn
586,yearn,throw,molar,goats,melon
587,waded,wedge,patch,nodal,golly
588,widow,metro,wails,macon,bowls
589,tress,autos,mushy,rouge,watts
590,sarin,louse,savoy,gummy,heath
591,sonar,blend,truss,noisy,spray
592,clued,gland,cedar,space,rigid
593,spilt,babel,trust,calls,boils
594,audit,cross,cumin,tibia,aioli
595,edema,runic,colts,slump,krona
596,grove,hoofs,laity,apnea,ashen
597,toros,snarl,limos,telos,vixen
598,salty,herds,abode,cults,celeb
599,wands,bijou,stuns,waxed,wings
600,sleds,diced,stipe,oaths,giddy
601,haven,mitre,ozone,mater,chars
602,blood,forks,otter,added,beget
603,board,adobe,brier,ducky,urine
604,fells,linky,those,punks,hones
605,loris,queen,spies,forgo,tints
606,devas,froze,boras,dummy,minas
607,maxim,aedes,books,bough,lupin
608,whorl,peach,cubes,loins,worth
609,forge,satay,magus,trail,fairs
610,mimes,cited,every,beast,caves
611,dosed,gumbo,chump,gulps,lusts
612,mould,gilly,kings,writs,grows
613,gyrus,mamba,vivid,snuck,puffs
614,grate,sowed,hints,stile,selah
615,shown,tapas,stupa,quota,junks
616,squat,wilco,buoys,flaky,quill
617,prune,troop,berth,timer,fuses
618,ached,rares,dweeb,leech,bored
619,dress,their,purse,hunky,skint
620,anion,motor,truce,input,begat
621,stave,pilar,wooed,gamma,torso
622,farms,zones,vices,reply,congo
623,leads,torus,sooth,panic,dunes
624,lingo,extol,where,joker,thunk
625,primo,clips,chair,decry,verso
626,squid,massa,popes,miter,straw
627,sprig,tusks,dined,mower,caulk
628,gains,adept,dozer,leash,dowel
629,scope,earth,wench,pluck,myths
630,rises,zesty,beams,foams,honks
631,ultra,pitch,puked,dudes,ahold
632,bigot,dryly,roost,boggy,smelt
633,sated,doves,alamo,areal,lives
634,scalp,aired,glued,aside,feted
635,solve,trans,level,nicol,money
636,chops,iliac,rapid,satyr,spank
637,emote,willy,lambs,swung,begum
638,peeve,votes,derby,skirt,clack
639,kiwis,hurls,teams,malls,dinar
640,baler,sayid,leaks,jewel,ghoul
641,jumps,gauze,toons,degas,diode
642,eject,avast,whigs,scold,dream
643,shits,arles,rebus,soppy,rides
644,joust,smile,runes,moats,gunny
645,lords,nelly,waged,perse,clots
646,saith,genre,roque,twill,horny
647,tiara,brake,evils,judge,grubs
648,brook,voles,sloth,farts,pause
649,swirl,optic,yahoo,eyrie,gault
650,inner,dandy,ruins,jiffy,ombre
651,moans,duets,banks,minis,pecan
652,plied,skimp,ester,suave,thigh
653,fangs,setae,ketch,emery,robot
654,magma,raced,chimp,howes,shone
655,lemma,rabid,sling,molds,broom
656,moxie,tsars,pampa,recur,chafe
657,dwelt,quits,habit,drank,grebe
658,cress,edits,drips,fuzzy,drink
659,dried,whine,humus,tween,harms
660,famed,spica,webby,sonny,ingot
661,ether,dodge,carbo,harps,zippy
662,acres,deign,cater,pearl,civil
663,exact,drool,inter,longs,bunks
664,dizzy,nanny,leans,yarns,coast
665,omega,spire,bream,supra,conch
666,sages,tryst,downs,jeers,teddy
667,swing,hippo,cissy,fagin,snips
668,slats,romeo,hotly,juicy,doubt
669,drunk,blond,tenor,shark,hoses
670,trois,skied,veils,twirl,felon
671,polio,champ,dilly,ovary,blind
672,watch,freak,jenny,sleep,creek
673,gifts,melts,tacos,enjoy,trout
674,shelf,hoped,snell,bursa,store
675,cower,enact,warps,spell,elope
676,elfin,agers,lousy,aloft,hooch
677,nobly,hoppy,bandy,rumor,dawns
678,pinch,dupes,plows,belly,silva
679,wrens,geeks,gavel,brava,envoy
680,bossy,funds,waker,winch,props
681,along,upped,verge,metre,siege
682,safer,nukes,shook,strip,cabin
683,reams,stabs,flick,karoo,sauna
684,lowes,rower,focus,tools,stole
685,crows,matte,leaps,soars,welch
686,dough,blade,wires,tenon,savin
687,juice,heart,swill,nurse,speer
688,fount,sacks,slugs,boars,camel
689,fawns,adore,grids,mongo,heron
690,veers,taxed,larks,dolly,umbra
691,monde,twins,xenia,crisp,dells
692,shake,cleat,nomen,bagel,tetra
693,weigh,slice,dolce,bocce,gasps
694,tatty,surah,octet,lever,bugle
695,wanes,loads,offer,canal,sides
696,vapor,culls,halts,thyme,copse
697,cones,hangs,wurst,blows,manos
698,snobs,gutta,carol,monks,spiky
699,tings,warts,hatch,pricy,aging
700,debut,brawl,loose,slabs,upset
701,nylon,dozed,elegy,aimed,issue
702,afore,sword,kanji,cagey,gleam
703,typed,repos,honor,brant,kelly
704,radar,manes,slaps,revue,bingo
705,pills,fours,beaut,goons,mines
706,heals,stoma,camps,carry,boozy
707,shirt,bongo,bells,lanky,churn
708,crowd,mafic,crime,saran,thein
709,ennui,udder,jammy,spark,emits
710,haiku,gills,duper,tumor,rants
711,sedan,calyx,slams,brine,etude
712,quirk,needy,towns,liger,lanes
713,teary,lofts,piper,blain,takin
714,medic,welly,stirs,mavis,build
715,lamps,mooch,agger,chase,coach
716,drone,moths,usual,wiser,crabs
717,henry,tribe,amour,agony,mercy
718,paise,livre,pride,sunny,mamas
719,nudes,feeds,pease,wisps,peaty
720,pinto,sibyl,torii,chain,cyclo
721,rocky,bites,hacks,truer,slime
722,chemo,alder,risky,monad,waved
723,doing,moron,alter,gulch,stock
724,godly,knobs,creep,geese,cuddy
725,blocs,kinds,sable,quack,kilns
726,fatal,taker,fader,humic,ovoid
727,sells,pesos,borer,rouen,daily
728,quips,maxis,parks,argue,nouns
729,shied,swede,tinea,steer,voter
730,franc,spike,hardy,waken,bluey
731,croon,angst,doses,chick,hater
732,wound,whims,plots,decoy,super
733,wacky,scion,fools,pulls,prick
734,paean,chasm,lotus,darts,serge
735,wimps,holla,mocha,velar,pubic
736,stunk,spuds,coins,tangy,homes
737,hands,trope,highs,trait,finer
738,midge,freer,rigor,above,torch
739,cowed,nervy,newer,keels,micro
740,idiot,slimy,swaps,abbot,human
741,nudge,hicks,rivet,alkyl,amber
742,quilt,aroma,pikes,skins,melds
743,privy,axiom,vesta,cadre,abbas
744,arses,rishi,dukes,kyrie,fanon
745,skier,visas,voila,stung,botch
746,would,sangh,metis,lured,tweed
747,hokey,tonic,bulky,raged,kiddy
748,grand,rowan,files,tutor,chats
749,foggy,waned,arise,logan,gassy
750,coupe,spoil,spine,bliss,croup
751,spite,laura,slags,cards,meant
752,voted,price,ropes,burly,hanks
753,delay,forum,spade,beard,burgh
754,seals,gents,barbs,roles,gives
755,delta,miner,lilac,hoyle,facet
756,meets,tilak,pared,ratty,loses
757,sneer,plane,kills,rhyme,sniff
758,shard,silks,infer,timid,hissy
759,clown,helms,mammy,piped,flame
760,burst,shall,essay,brits,viola
761,mused,tanka,flume,rains,waive
762,stoop,vigor,divvy,scuff,potty
763,sighs,endow,sugar,gulls,model
764,spots,gemma,lorry,holes,crest
765,flown,roper,vanes,tonga,bazar
766,crore,pawns,empty,which,marks
767,snort,emmet,credo,brews,cholo
768,plain,mates,atria,snout,skunk
769,bolts,grace,lyric,tacit,sworn
770,about,hinds,biker,flies,taken
771,panto,tombs,gazes,kooky,undid
772,spins,large,fifty,opals,hants
773,comte,reeds,colin,blaze,seely
774,moody,murry,major,mango,dales
775,foils,afoul,tease,dived,craps
776,gutsy,boots,booth,wiles,bezel
777,layed,chose,sever,owned,voice
778,wrath,crown,pimps,stout,auger
779,dykes,pairs,enemy,sixty,greys
780,birds,witty,gecko,macaw,cased
781,tanks,award,porky,sicko,chine
782,drier,since,stall,toads,ricin
783,logos,bathe,sects,tests,light
784,jacky,kendo,maths,mains,radio
785,pally,unify,plate,atone,wines
786,barre,trite,dealt,apple,zebra
787,hours,bales,noble,forty,flaws
788,shute,wards,blank,towie,skips
789,semis,detox,twain,whole,palms
790,poles,apron,vichy,droll,memos
791,cates,madam,hurts,route,trawl
792,casts,acted,aloud,creme,fixer
793,dumas,toner,musty,patio,pored
794,bucks,trunk,twist,peace,cuppa
795,mural,milos,packs,cafes,pubis
796,baits,reuse,stale,mages,music
797,vapid,piggy,exile,jokey,fires
798,meals,shins,bless,frown,cubed
799,execs,motel,dirty,motto,avoid
800,lotto,apply,hiker,slays,corns
801,aloha,limit,hairy,yucky,marsh
802,spurt,spunk,tommy,grass,surfs
803,exude,rinds,avian,dinky,salon
804,three,snows,durst,psych,toney
805,atoms,chunk,solid,lasts,taxis
806,jawed,works,swish,serif,ender
807,fleet,chard,grime,torts,quark
808,tying,panel,stour,nails,limes
809,first,benny,mufti,leafs,fitch
810,cages,wired,spice,repro,sewer
811,sight,xenon,bikes,lobes,rouse
812,avert,riffs,usurp,barge,taffy
813,canto,vowed,gusts,wield,sails
814,meany,guava,dryer,share,croak
815,moult,slows,flats,venom,buggy
816,trees,mulch,strop,water,prose
817,tubal,washy,pleas,rages,fined
818,wispy,rails,fills,stems,froth
819,glitz,ruler,cycle,smoke,spits
820,sheet,times,sires,erica,aeons
821,twats,thorp,slurp,seder,drawl
822,shush,begun,scabs,blurt,brill
823,cooch,terry,tamer,globe,deems
824,ruble,shock,elite,kitty,grabs
825,quart,scree,antis,mince,frosh
826,leery,valor,smell,welds,altho
827,ramps,stick,bland,tomes,pulis
828,medal,blown,pulpy,yodel,ticks
829,retry,fancy,kilos,farce,vying
830,bunny,nifty,lifer,alums,alibi
831,laker,scary,crass,lefts,troll
832,keeps,brave,servo,dikes,fossa
833,cacao,bonny,panty,bleep,stuff
834,murky,samba,pinky,prior,cynic
835,amine,tiled,hunts,crave,begin
836,basis,hilly,saver,trill,mirth
837,nymph,mimic,clams,dying,knoll
838,xylem,butyl,doggy,round,putts
839,acids,logic,these,sharp,basin
840,gloss,flank,epoch,pique,touch
841,soils,mossy,arras,fewer,sheer
842,royal,ideas,affix,oiled,cobbs
843,woody,stray,areas,rungs,yummy
844,bytes,bombs,fudge,gusto,breed
845,guess,clash,visor,fermi,ovens
846,feast,claro,elude,stews,piled
847,outed,jolts,abuts,cabal,ethyl
848,leben,gases,tawny,mezzo,genet
849,scoff,lobed,posit,preys,rugby
850,frond,today,annul,pulse,chaff
851,rider,raise,messy,nosed,jacks
852,swear,lefty,warms,groom,poppa
853,allay,bulla,larch,campo,domed
854,fresh,laser,phono,agile,buses
855,tufts,sired,argon,cares,tales
856,wrong,mange,fleck,alway,sturt
857,welsh,party,lucky,syrup,cigar
858,kalam,grown,hanky,claim,twits
859,links,shady,dotty,bears,casks
860,blitz,slums,gabby,fruit,gnats
861,wages,loans,recap,manus,yours
862,crude,purer,afoot,quasi,grain
863,glare,great,flier,chert,waits
864,raspy,birch,blurs,hyoid,fails
865,gayer,ralph,alien,wrung,musky
866,senor,ports,mommy,gypsy,sings
867,poops,brand,nasty,polar,think
868,speak,annex,busty,clift,taped
869,bangs,glint,jebel,perry,combo
870,mites,brain,chefs,aggie,wests
871,hyped,omens,charm,creak,bloke
872,blare,exons,ninja,peeks,built
873,rally,graze,pound,cello,fiery
874,abyss,paths,dusts,fever,libra
875,humps,betas,llama,nicks,parse
876,rodeo,ricks,renew,tango,bushy
877,pixie,altar,narco,eagle,profs
878,socks,chord,windy,stein,block
879,greed,hound,agora,bound,comfy
880,visit,porch,olden,stump,hammy
881,deism,paled,sound,cheap,coots
882,genus,outer,naira,shack,songs
883,spans,tippy,latch,goofy,suite
884,pence,guilt,valid,prism,paddy
885,amici,tripe,dally,devel,rerun
886,orang,comet,gusty,ratio,order
887,width,dunks,maybe,snipe,flung
888,peony,dated,saved,virus,sting
889,aphid,ingle,bayou,rebar,ferry
890,ships,whips,banco,ponce,tears
891,leary,label,capon,knock,scrub
892,youse,crawl,teach,child,pansy
893,calms,liver,marge,grail,bison
894,rater,awake,maize,cruel,pumps
895,amiss,glade,beret,sikes,scape
896,greet,bowel,trial,faked,appel
897,young,duals,frith,mucky,pesto
898,lumps,wares,yolks,scour,stoke
899,alert,youth,rifle,ambit,mogul
900,turns,brags,drown,doozy,mined
901,pudgy,silly,bogle,naive,noise
902,chaps,unzip,vocal,canon,brisk
903,spore,ocean,slate,stamp,wooly
904,aught,fairy,rebel,gourd,bebop
905,sands,lavas,quite,boson,treks
