Chain Number,Word 4,Word 5,Word 6,Word 7,Word 8,Word 9,Word 10,Word 11,Word 12
1,fray,nylon,tabled,atrophy,resistor,grounding,combatants,masculinity,participated
2,goon,mavis,dollar,chanted,warnings,extracted,connective,termination,illustrative
3,fags,pesky,dickey,cinemas,realizes,posterity,accidently,suitability,affiliations
4,fate,truce,malice,filming,littered,competing,despicable,translucent,reintroduced
5,knob,rafts,larvae,cropped,detained,providers,westerners,enterprises,congratulate
6,each,coils,valves,asshole,reacting,contented,authorized,procurement,electricians
7,limb,swung,victim,reports,pavilion,admitting,structures,nominations,undetermined
8,wage,scrap,worded,arousal,settling,engraving,correspond,understands,transitional
9,dame,billy,equate,parties,deficits,stylistic,innovative,pornography,parishioners
10,sees,rites,garage,onstage,serenity,whereupon,initiation,astronomers,concentrated
11,wait,flaws,infamy,vetting,wrapping,astronomy,diversions,fluctuation,northeastern
12,hear,hazel,boiler,hitting,pilgrims,narcotics,immorality,existential,transmitters
13,ripe,lawns,monkey,lefties,confines,reservoir,monologues,encompasses,lighthearted
14,rank,heath,boldly,pointer,republic,animosity,decisively,circulation,domesticated
15,menu,cadre,winged,credits,ancestry,fluctuate,cautiously,autographed,degenerative
16,lows,bench,feline,program,expertly,outlining,wilderness,indivisible,breakthrough
17,nazi,chore,hobbit,ambient,manicure,repressed,parameters,unanimously,subsequently
18,soil,virus,mostly,erected,lyricist,disturbed,duplicates,spiritually,preventative
19,bird,argus,fetish,verdict,memories,humiliate,infallible,surrendered,headquarters
20,sane,skips,artful,elitist,declines,postponed,scrambling,consecrated,incontinence
21,path,fiber,staple,members,outraged,overdrive,scriptural,aeronautics,instrumental
22,josh,frank,farmer,measure,rewarded,miserable,invalidate,segregation,guaranteeing
23,soap,pores,yields,thought,penguins,furiously,allocation,discrepancy,disseminated
24,lass,shows,spends,audible,fibrosis,shootings,apparition,enforcement,electrically
25,pips,serum,lister,trolley,cremated,deficient,obstetrics,submissions,impoverished
26,tell,hover,rested,coastal,licences,utilising,substation,disturbance,conscription
27,pall,seats,shares,strides,cheating,necessary,converters,celebratory,surroundings
28,mine,carol,trophy,drifted,reigning,taxonomic,devotional,advertising,transparency
29,wilt,clams,cyborg,leaving,continue,palatable,ethnically,hibernation,preposterous
30,ibis,potty,hugged,besides,alphabet,attending,visitation,greenhouses,professional
31,bros,carts,floppy,banking,pantheon,normalize,presidents,shareholder,entrepreneur
32,king,sugar,tyrant,growing,relevant,snatching,inevitably,townspeople,announcement
33,knit,wines,untold,whitish,serenade,insolvent,persuasion,translation,catastrophic
34,lads,bales,clones,scooped,repelled,disappear,surrounded,stipulation,surveillance
35,hues,prose,wretch,exports,rumbling,paralysis,southbound,subtracting,alphabetical
36,lens,cents,hounds,justify,workings,saxophone,correlates,infiltrated,fermentation
37,fist,tunes,shanks,clocked,prevails,moderated,remarkably,disseminate,perpetuating
38,oven,erica,evaded,incline,prudence,discussed,assaulting,unorganized,transmission
39,maze,bikes,ragged,animals,pictures,eminently,workplaces,fantastical,respectfully
40,vote,patsy,heyday,decided,accident,voluntary,predictive,remembering,genealogical
41,ants,shout,solder,telford,showdown,railroads,roundtable,electrolyte,coincidences
42,rude,proxy,insure,baroque,musicals,consonant,perception,criticising,simultaneous
43,load,fresh,rotten,laurels,faceless,prognosis,gracefully,orthopaedic,accidentally
44,post,purse,comedy,blowing,benjamin,withering,radicalism,hydrocarbon,conspiracies
45,copy,tacos,levies,combine,spelling,spiraling,geological,reinsurance,personalized
46,amid,proof,saloon,skillet,licorice,viability,encryption,agriculture,unbelievably
47,deed,motif,admits,smaller,armoured,liquefied,simulating,coexistence,prescription
48,bunt,faint,shrewd,rewrite,happiest,bodyguard,sisterhood,supervisors,commentators
49,cage,inept,civics,mascots,deferred,unloading,simulation,realization,inefficiency
50,boon,drift,dipped,electro,enforces,irritates,manuscript,unknowingly,passionately
51,rite,overs,flawed,charted,sequence,activates,contention,penetrating,unremarkable
52,vary,laugh,azalea,profile,likewise,completed,sunflowers,placeholder,geographical
53,fans,rayon,bashed,pioneer,summoned,communist,pronounced,directorate,relativistic
54,coed,pleas,poplar,lobbied,violated,sandstone,imaginable,raspberries,optimization
55,ergo,itchy,vermin,taxable,fingered,radiators,downstairs,innumerable,facilitation
56,bash,pints,shaker,cleaver,defended,ephemeral,motionless,bloodstream,irrespective
57,jams,links,loaded,caravan,appetite,detonated,remastered,observatory,hydrocarbons
58,guts,ethyl,molded,coldest,finalize,skydiving,regularity,variability,deportations
59,fool,grids,rudely,patting,defiance,eloquence,assignment,highlanders,municipality
60,jags,attic,fucked,lighted,dutchman,producing,chronology,adjustments,transferring
61,duct,eaves,hawker,blurred,premiums,logistics,refereeing,overcrowded,journalistic
62,curl,misty,lesser,shelved,stacking,thrillers,discretion,instruction,purification
63,grim,bimbo,chased,strands,tracking,fisherman,recounting,fluctuating,snowboarding
64,goal,backs,angles,migrate,dialogue,debatable,birthplace,crystalline,arrangements
65,sure,bleep,elixir,bankers,subtlety,sentences,emphasized,foundations,asymptomatic
66,died,equal,undead,amplify,tomatoes,vibrating,adventurer,psychedelic,implications
67,jolt,idols,embryo,applies,reserves,leisurely,assemblies,superiority,demonstrator
68,hays,brand,school,dropped,grilling,disbanded,exhaustion,arbitrarily,cheeseburger
69,leak,cameo,superb,nursing,esoteric,broadened,constructs,maintenance,unreasonable
70,noun,loose,hotter,powders,approval,mainframe,obligation,contraction,eyewitnesses
71,jobs,lends,denser,refuses,untapped,pipelines,accusation,concessions,experimental
72,loom,shits,allows,corning,fastened,upholding,inhalation,resignation,counterparts
73,eddy,strap,filmed,proctor,seashore,indulging,strikingly,liabilities,racketeering
74,camp,crawl,dainty,assists,watchman,attacking,incendiary,antagonists,carelessness
75,wear,knock,robins,scrooge,teething,mountains,intriguing,circumcised,prohibitions
76,mano,event,hearty,carnage,backhand,substance,percentile,exacerbated,strengthened
77,deem,blind,ornate,bottles,survived,similarly,associated,predictably,suspiciously
78,tale,brace,oculus,violent,majoring,chaplains,ecological,consumption,depreciation
79,lair,might,joyful,implied,boasting,nonprofit,economists,stabilizing,manipulation
80,hill,trams,cereal,refuted,employer,citations,inhibitors,progressing,tuberculosis
81,meek,taxis,horror,zombies,nickname,delirious,contradict,festivities,orchestrated
82,dual,tuner,middle,scanner,trimming,canceling,exhibition,revolutions,battlefields
83,leap,ember,latent,rematch,bothered,somewhere,residences,motivations,substitution
84,scat,golds,strain,studied,unsigned,searching,carbonated,documenting,overcrowding
85,cory,worth,bumped,cursive,patience,bacterium,delinquent,designation,motherfucker
86,rear,tinge,fibers,hunters,speeches,lifestyle,discussing,rescheduled,inequalities
87,tuck,beams,peanut,erosion,pavement,spiritual,miniatures,excessively,availability
88,deal,stone,holden,insulin,deletion,undivided,understand,blockbuster,firefighters
89,hale,spray,armpit,messiah,unicorns,evaporate,settlement,stimulation,supremacists
90,shaw,roses,capped,liaison,enhancer,signatory,disapprove,playwrights,combinations
91,span,snack,rejoin,entails,combines,blindness,reversible,distracting,thoroughbred
92,lint,earns,docked,quantum,elective,consulted,regimental,camaraderie,consultative
93,jest,slums,grimes,prosper,derailed,unethical,unbeatable,topographic,departmental
94,pros,seize,distal,solvent,deposits,tribunals,scheduling,songwriting,augmentation
95,puck,jerky,amazed,builder,terminus,partridge,predictors,emergencies,hypothetical
96,mums,grand,router,typhoon,almighty,gangsters,refineries,celebrating,astrophysics
97,mays,tenor,packer,choking,dispatch,scrolling,solicitors,accountants,appropriated
98,pads,paste,govern,bizarre,delights,struggled,nomination,earthquakes,developments
99,char,otter,copped,warship,tabletop,resorting,performing,inspiration,unparalleled
100,team,bears,wiggle,studies,harmless,loopholes,overstated,overflowing,collaborated
101,holm,terms,waiver,pounded,advances,classroom,repurchase,commemorate,philosophies
102,soft,mania,hungry,notches,upstairs,modelling,submitting,calculators,environments
103,fink,benny,safari,grinder,scrubbed,comprises,chopsticks,alternative,totalitarian
104,pray,chips,vented,snooker,openness,pronounce,expatriate,corroborate,symbolically
105,secs,corps,packet,anxious,sherlock,provoking,checkpoint,woodworking,osteoporosis
106,flee,risky,bolder,frosted,fastball,carpentry,collateral,establishes,navigational
107,goat,ashes,troupe,devious,clerical,woodlands,blackwater,descriptive,entertainers
108,diss,posed,dancer,terrace,inferred,greatness,beforehand,bulletproof,technicality
109,visa,third,goalie,publish,retainer,penalties,moderately,conjunction,formaldehyde
110,oust,races,entice,explore,sopranos,anomalies,formatting,exquisitely,otherworldly
111,evil,urged,labour,ashamed,elephant,unmarried,disrupting,chandeliers,enhancements
112,yoke,panty,booted,balance,traverse,clubhouse,flourished,originality,disqualified
113,gist,porno,schism,bearish,deadline,hindrance,billboards,proficiency,transcendent
114,gays,ponds,sender,benched,employee,plundered,recreating,intensifies,conclusively
115,pine,ginny,damsel,trailed,infested,pigmented,ascendancy,nutritional,compilations
116,herb,enter,doodle,pajamas,lamented,delicious,localities,protagonist,expenditures
117,aims,logic,skates,jumping,chickens,estimated,discovered,painkillers,metropolitan
118,navy,semis,ladder,college,buttocks,cirrhosis,everywhere,defensively,accumulation
119,pegs,genus,booing,nightly,diligent,jailbreak,brightened,suppression,marketplaces
120,lang,shelf,potato,brought,disposed,impressed,milligrams,progression,consequently
121,toms,quell,height,related,chastity,incubated,biographer,implication,deliberately
122,cell,wiped,spears,remodel,heartily,examiners,sentencing,depressions,reassignment
123,vert,snaps,tasted,causing,adorable,prolonged,icebreaker,counselling,respectively
124,hobo,pivot,mother,outrage,culinary,surrender,simplistic,protestants,sequentially
125,lame,skits,asking,emerald,pleasing,emphasize,harassment,plantations,extinguisher
126,fuck,kiwis,swamps,iceberg,darkened,president,sharpening,compression,multilingual
127,glee,cocoa,rudder,panties,passions,materials,observance,rationality,disturbances
128,slog,ionic,dexter,disgust,belonged,informant,protectors,subdivision,interference
129,tons,sizes,esters,aqueous,sanctity,overwhelm,postmaster,reciprocity,inconclusive
130,zoos,lough,exists,bangers,kilogram,punctured,alienating,annotations,disabilities
131,beer,masse,bronco,degrade,mariners,evaluated,aristocrat,delinquency,implementing
132,bolt,later,squish,kingdom,flooding,frontline,voluminous,archaeology,preservation
133,omen,keyed,myself,marquee,barbaric,wealthier,assortment,immigration,discontinued
134,smog,melon,talker,risking,scouting,uninvited,thereafter,questioning,constipation
135,girl,gauss,tenant,cloning,cherries,reconnect,prosperity,understated,accommodated
136,yuan,seals,kosher,paradox,resemble,backpacks,questioned,exterminate,articulating
137,nite,gears,angled,eyeball,controls,civilians,wastewater,uninhabited,additionally
138,burn,tesla,skater,alleles,renegade,gratitude,offsetting,moisturizer,significance
139,expo,apron,import,impeded,splashed,receiving,astonished,retaliation,conformation
140,owed,burst,bethel,seafood,devoured,contagion,disfigured,adventurous,discriminate
141,prof,chemo,clever,orbital,wetlands,amputated,synthesize,unfulfilled,publications
142,soul,stink,flatly,cruises,workload,exhausted,hemisphere,contractors,laboratories
143,peep,drums,wright,heaters,applying,deserving,aspiration,blasphemous,uninterested
144,halo,dunes,inhale,enacted,breaking,renewable,readership,premiership,facilitating
145,stow,padre,flaunt,magneto,fireball,delivered,overriding,recognition,discouraging
146,side,floor,spring,patents,lymphoma,safeguard,monoclonal,progressive,refrigerator
147,mash,summa,fleece,dressed,breached,miniature,supersonic,sponsorship,indefensible
148,shut,kitty,tinted,vampire,affected,privately,defendants,sovereignty,regenerative
149,woes,those,sprite,standby,trackers,underdogs,sanctioned,reprimanded,contemplated
150,else,prawn,hectic,exclude,microbes,electrode,electrodes,consecutive,explanations
151,baal,mites,waited,floored,ugliness,criterion,automobile,everlasting,embarrassing
152,gall,prone,mantra,feather,squadron,outfitted,replicated,counsellors,aggressively
153,wire,riley,caucus,lagging,beauties,memorable,infarction,descendants,cooperatives
154,lion,siren,venues,mishaps,contours,bookshelf,predicting,silhouettes,unidentified
155,sand,river,minded,silicon,quitting,initiates,attainment,naturalized,attributable
156,roux,troop,reverb,twitter,airfield,construed,benefactor,endothelial,turbocharged
157,into,mound,proved,bristol,talented,contacted,conducting,regrettable,characterize
158,hike,crush,secure,zoology,giraffes,tailoring,stronghold,certificate,illustrating
159,flag,yards,adopts,painful,ruthless,southward,renovation,strongholds,determinants
160,ugly,sissy,massed,stocked,directly,lobbyists,proclaimed,councillors,competencies
161,stag,imply,turkey,submits,ingested,continuum,healthiest,apprehended,repositories
162,curb,cloth,locale,flopped,farewell,eastbound,ruthlessly,fascinating,shipbuilding
163,ride,death,invoke,fateful,barbecue,sculpture,wrongfully,retaliatory,inexperience
164,rote,vegan,tendon,minster,precious,animation,originated,mathematics,homelessness
165,vice,loans,fluffy,seaside,shingles,massacred,acceptable,demonstrate,tribulations
166,gent,store,creamy,letting,outgrown,consumers,persuading,compounding,legislatures
167,long,looks,topper,durable,limiting,malicious,biological,detrimental,biodiversity
168,gems,laces,franks,titties,dentists,remarried,recaptured,unsupported,interruption
169,snow,abort,shroud,crochet,mentions,ticketing,identities,prostitutes,grandfathers
170,hips,dorms,blurry,botched,directed,serotonin,ceremonial,universally,philosophers
171,alas,axiom,tricks,stained,exceeded,displaced,unresolved,sanctuaries,acceleration
172,mojo,curls,shades,modeled,supplied,generates,cheerfully,adventurers,helplessness
173,grit,lipid,favors,elusive,idealist,flowering,liberating,persecution,intoxication
174,robe,skunk,deftly,hapless,calculus,recruited,historians,anniversary,reservations
175,time,bravo,fooled,flemish,beginner,affecting,vibrations,ineffectual,interrogated
176,mink,chefs,valued,airlift,imagines,gentlemen,suggestive,specialized,enlightening
177,emit,peeps,hordes,careful,gullible,injection,resounding,blueberries,masquerading
178,deck,waned,edited,specter,exploded,transport,mainstream,nationalist,conspirators
179,cate,alder,digest,holster,asteroid,hexagonal,prototypes,subservient,intelligence
180,noon,polls,hearts,nailing,terrible,mutations,barbarians,intravenous,subcommittee
181,pubs,clots,winery,phasing,syllabus,corrosive,incredible,linguistics,interactions
182,deny,glued,feasts,coating,ponytail,statewide,migrations,discharging,intellectual
183,hand,spans,sharks,hurling,kerosene,rewritten,anatomical,incorrectly,specialising
184,wavy,tally,jammed,murmurs,imposing,ethnicity,mediocrity,thoughtless,unauthorized
185,dung,heats,birdie,origins,conquest,resources,frequently,cultivation,conservatism
186,mora,gusto,tangle,merging,accessed,adhesives,proverbial,convocation,authenticity
187,baby,poles,milled,regimen,training,speculate,legitimacy,frightening,intoxicating
188,like,draft,parson,robbery,acronyms,neighbour,bureaucrat,rationalize,investigates
189,test,peace,kisses,settles,sluggish,freelance,monopolies,unbreakable,postdoctoral
190,skim,basal,piracy,meanest,concedes,murdering,housewives,prosecutors,preconceived
191,rats,party,vertex,replace,westward,incidents,persuasive,installment,celebrations
192,hash,puree,averse,optimum,standout,midwifery,importance,altercation,slaughtering
193,sour,marks,grants,maroons,eviction,projected,dissolving,financially,constituents
194,bony,scare,coward,burnout,pardoned,resentful,occidental,consultancy,therapeutics
195,chug,necks,coerce,affront,implants,cameraman,precarious,seventeenth,counterpoint
196,malt,messy,hornet,loafers,endorses,shortfall,mosquitoes,electrified,inscriptions
197,balm,typed,uplift,feeding,spiteful,raspberry,benefiting,dysfunction,overshadowed
198,cabs,farts,cleave,loosely,genetics,divergent,accordance,biographies,coefficients
199,puke,tiara,hooked,clarify,avoiding,intensive,prosecutor,reactionary,aristocratic
200,raja,fungi,sorted,rockets,attested,scorpions,asymmetric,conceivably,encountering
201,bake,vigor,allied,younger,steroids,breweries,classified,continually,manufacturer
202,cuss,laird,header,signing,clusters,flagstaff,disallowed,reminiscent,masturbating
203,rhea,pairs,bikers,believe,outright,insulated,enlistment,offensively,superimposed
204,fail,flags,plains,mussels,elliptic,surprises,disordered,lieutenants,heartwarming
205,kick,grays,parked,echoing,clashing,stainless,vegetarian,renovations,historically
206,slip,shred,tongue,coughed,insulate,overjoyed,compatible,radioactive,impartiality
207,wife,romeo,virtue,scraped,planning,committed,vegetative,transferred,commentaries
208,deep,chaos,bathed,penance,flinders,paternity,scientists,predecessor,cryptography
209,hide,bride,swears,idyllic,intended,vandalism,interfaces,corporation,agricultural
210,teas,ridge,brooks,busiest,episodes,exchanger,interrupts,preferences,restrictions
211,hail,scams,vegans,machete,workshop,community,functioned,bureaucrats,extravaganza
212,wits,hurst,arises,thrusts,recorder,anchoring,enchanting,eliminating,hypothesized
213,sung,march,raisin,peppers,sighting,ignorance,consequent,sacrificing,manslaughter
214,rubs,punks,marvel,consort,pronouns,accordion,embroidery,exhibitions,conservation
215,pace,cabal,medley,darkest,suspense,hooligans,cemeteries,indictments,completeness
216,gore,lobby,pasted,oversee,narrated,confessor,privatized,effectively,introductory
217,exec,fetch,anyway,tightly,sourcing,implicate,biomedical,sensibility,rediscovered
218,leek,dirty,drones,suggest,breeders,dormitory,precaution,superheroes,supplemental
219,smut,thief,depict,recount,impotent,earphones,rethinking,constituted,enterprising
220,lead,crave,finite,moments,ordinary,conveying,subversion,simplifying,concentrates
221,mill,heady,gander,utopian,waterloo,generator,atmosphere,objectively,undocumented
222,rump,genoa,course,defence,chloride,convinces,marketable,synthesized,storytelling
223,dons,thorn,manure,masonry,symmetry,paramedic,protesters,justifiable,institutions
224,type,foxes,richer,orioles,consumed,organizes,redirected,scaffolding,compositions
225,odds,scars,violet,cordial,burglars,sleepless,consistent,undoubtedly,encroachment
226,lien,suite,bonnet,huskies,prologue,positives,expansions,shenanigans,conveniently
227,tame,quirk,doctor,denotes,wrecking,concealer,journalism,livelihoods,subordinated
228,hilt,hands,motels,baggage,crumbled,captivity,sacraments,prohibitive,underpinning
229,ally,exist,laurel,torpedo,devilish,motivator,navigating,electrician,quantitative
230,prey,pines,soviet,touches,electors,downright,disastrous,precautions,disorganized
231,bowl,trait,runway,femoral,contests,oppressed,immigrants,constraints,subcontinent
232,bale,cider,armour,rookies,learning,caregiver,parachutes,unsolicited,expectations
233,kane,jenny,eaters,veteran,downward,remainder,attempting,illustrated,invisibility
234,bach,crumb,litany,concave,drumming,succumbed,formations,materialism,peacekeepers
235,duke,hoops,reform,roundup,entailed,intrusive,bookstores,convergence,extinguished
236,room,flora,anthem,rousing,dwelling,asserting,behaviours,promulgated,prioritizing
237,lieu,greys,shaman,ammonia,unknowns,liberated,capacitors,coordinator,marginalized
238,suns,litre,tripod,answers,suitable,persisted,afterwards,legislators,compensatory
239,mats,perky,sexton,torment,bisexual,vehicular,attendance,accommodate,proclamation
240,tiki,route,locust,weighty,proximal,entourage,monolithic,footballers,adaptability
241,acre,seeds,caliph,linkage,downtime,emulation,discomfort,probability,hypertension
242,sway,dales,replay,virtues,deterred,integrity,subsidized,inescapable,assassinated
243,rays,frisk,juries,plunder,indicate,torturing,satellites,accelerates,invitational
244,grid,spool,picnic,stopper,slashing,shameless,suspicious,downloading,continuously
245,john,booms,carols,affords,arteries,selective,generosity,aggregation,architecture
246,rink,table,riding,serrano,stemming,bathrooms,derogatory,congressman,synchronized
247,wail,lacks,sultry,railing,aneurysm,humankind,condemning,cooperative,regeneration
248,bill,evoke,market,linings,storming,amendment,marvellous,denominated,figuratively
249,bust,stove,towing,juniors,failures,premiered,progresses,hardworking,disappointed
250,mama,diets,invent,blanket,sounding,envelopes,peppermint,suffocating,incarnations
251,your,blame,tackle,adhered,spoiling,announcer,straighten,aspirations,statistician
252,wise,beats,verity,butcher,ultimate,knowledge,attraction,confronting,connectivity
253,whit,takin,totals,vomited,reopened,racetrack,exchanging,extensively,entertaining
254,vows,rowdy,tryout,viscous,notebook,digitized,wolverines,bureaucracy,artistically
255,tory,ariel,parody,spousal,headgear,blackened,parenthood,presumptive,accomplishes
256,hind,guard,seared,leaning,melanoma,sometimes,eyewitness,entertainer,psychoactive
257,yoga,flare,primed,mutants,waterman,chromatic,tumultuous,corrections,stratosphere
258,area,mufti,partly,dynamic,mulberry,apathetic,facilitate,replaceable,inflammation
259,iced,gazed,cities,fibrous,counters,flattened,allegation,proportions,infiltrating
260,gray,silva,washes,custard,hollowed,fountains,physiology,bookkeeping,sponsorships
261,whim,green,render,frankly,decaying,strangers,commitment,conservancy,conceptually
262,amir,alive,suffix,anthems,weekdays,decorator,improperly,spectacular,alternatives
263,tend,raced,bitten,twister,warrants,commander,transcript,authorities,disregarding
264,bree,laden,healer,lacking,swingers,minefield,exposition,preventable,fraternities
265,tick,micro,phoned,rumours,monopoly,surgeries,crocodiles,antioxidant,definitively
266,loch,whoop,friars,rallied,machines,professor,orchestras,definitions,undemocratic
267,mist,mercy,stifle,fancied,increase,addresses,explicitly,cultivating,annihilation
268,drum,femur,cuckoo,salutes,horizons,arrowhead,businesses,discounting,complemented
269,bras,girls,waning,adjunct,erecting,caliphate,excitement,ventricular,aerodynamics
270,luxe,annoy,ethics,charger,holdings,northerly,sympathize,entitlement,convincingly
271,ones,cared,rework,headset,messages,pediatric,hallelujah,elaboration,apprehension
272,rack,blade,lauded,convent,repeater,spaceship,responsive,fascination,experimented
273,fund,fudge,zipper,leftist,primrose,dwindling,homophobic,reluctantly,multivariate
274,fell,braid,healed,scissor,headache,thousands,multimedia,intolerable,interpretive
275,eyed,bells,layout,mortars,praising,divisions,topography,imaginative,appreciation
276,land,holly,taking,strings,entrants,welcoming,conceptual,interrogate,machinations
277,fife,comer,booked,cabaret,skylight,deepwater,treatments,aerodynamic,hysterically
278,slim,baker,formal,relaxed,wildfire,quarterly,tiebreaker,antibiotics,fundamentals
279,high,forks,theirs,regents,eastward,radiology,continuous,participate,fibrillation
280,damn,hangs,crafty,garages,longtime,headlight,engagement,capitalists,guardianship
281,kern,until,biopsy,artiste,besieged,smoothies,streamline,devastating,exaggeration
282,guru,motel,sewers,cupcake,wireless,appalling,narcissism,propagating,complicating
283,yarn,blood,vastly,disdain,dominoes,sumptuous,lifestyles,appropriate,sledgehammer
284,ruse,known,inmate,grilled,scorched,incentive,discerning,superficial,circumcision
285,fats,blues,blames,indices,magnetic,printable,convincing,reconstruct,insecticides
286,reps,allow,abuses,cookery,disturbs,epidemics,cannonball,caterpillar,bloodthirsty
287,cede,intro,option,compute,splendor,hardcover,expectancy,underscores,acquaintance
288,text,moron,brooch,dilemma,silences,curvature,superseded,fluorescent,presentation
289,swam,dance,beings,deserve,secretly,teachings,diagnosing,projectiles,corroborated
290,suck,owing,denote,shrines,maturity,eponymous,boundaries,explanatory,hypocritical
291,porn,chevy,dengue,ceiling,tributes,renounced,stipulated,campaigning,collectively
292,dare,seams,phones,clogged,lavatory,alligator,whatsoever,fundraising,disrespected
293,poke,nears,squeal,quieter,brownish,structure,denouncing,legislation,perseverance
294,kami,fault,clouds,smelled,differed,splashing,reconciled,flourishing,unsuspecting
295,crop,emits,rapper,expired,sculpted,chemistry,viewership,prestigious,applications
296,vide,plain,avenue,pillows,basement,inductive,unpleasant,promiscuous,unmistakable
297,neon,anime,piling,compare,modified,guardians,insurgents,ingredients,purposefully
298,chum,goats,cloves,clipped,makeover,presently,purchasing,attribution,programmable
299,slid,humor,dances,latinos,outcomes,archetype,illiterate,contentious,accompanying
300,sift,minor,sleazy,swelled,refinery,disregard,recoveries,exclamation,brainwashing
301,poof,cacao,cables,blinked,massacre,bloodbath,postmodern,transfusion,stockholders
302,arty,infra,solace,crashed,flamenco,preschool,inhibitory,pomegranate,philanthropy
303,easy,walla,traits,request,charming,reviewers,conductors,diagnostics,intermediary
304,rust,grime,danced,abandon,remarked,disagrees,guarantees,compressors,nutritionist
305,buss,sauna,prefer,prickly,handouts,tornadoes,councilman,empowerment,compartments
306,hoot,sleek,butler,reissue,checkers,mysteries,criticized,inscription,preparedness
307,lees,sheep,facing,botanic,treasure,conceited,sweeteners,macrophages,pornographic
308,toro,goals,player,reduced,arrivals,inflation,scoreboard,statistical,construction
309,chad,flick,yelled,marvels,traction,digestion,undermined,discernible,congregation
310,dojo,hauls,groovy,barrels,honestly,occupancy,shortening,aristocracy,investigator
311,dada,sorts,dwarfs,gadgets,conceive,corrosion,statements,deteriorate,functionally
312,mina,kelly,slaves,unified,landlady,thrilling,typography,pharmacists,permeability
313,duel,crust,calmly,rioting,invading,clippings,strengthen,defenseless,incomparable
314,bins,claps,relied,subsets,scrolled,depending,extensions,furthermore,trajectories
315,taco,combs,ribbed,working,amenable,fractures,invocation,experienced,precipitated
316,hubs,biker,boogie,voltage,someones,submerged,perplexing,bereavement,romantically
317,dyed,rated,jordan,drilled,mitigate,computing,processing,participant,quarterbacks
318,guys,merle,loving,etching,playable,impartial,suffocated,gingerbread,satisfactory
319,puri,laura,spares,turnout,patients,apologies,selections,invitations,associations
320,urea,choke,biased,royalty,fronting,dragonfly,handcuffed,marketplace,phylogenetic
321,fall,bring,keenly,minimal,creation,eliminate,worthwhile,irreparable,chiropractic
322,brim,pluck,verses,pigment,canceled,therapist,negativity,portability,measurements
323,kohl,leapt,models,portage,pathetic,profanity,properties,malfunction,philharmonic
324,aids,masks,selves,removes,valencia,broadside,designated,alternating,nationalists
325,tort,kiddo,madras,likable,hamsters,appearing,headlights,advertisers,interlocking
326,kiln,other,pursue,bashing,prenatal,nurseries,projectors,unavailable,bachelorette
327,alec,adapt,opener,riddles,irritate,dystopian,reproduced,uncontested,neighborhood
328,chia,quark,shards,rectify,catalyst,reformers,patriarchy,contentment,specifically
329,toll,ceres,maiden,bearded,editions,craziness,geothermal,compromised,circumstance
330,fuss,rover,carina,leaping,serviced,criticize,disclaimer,photographs,commercially
331,toed,brawl,access,special,audacity,ligaments,dismantled,transaction,exploitative
332,jars,inter,deputy,testing,renounce,alexander,recruiting,nonexistent,deliberation
333,coin,tempo,direct,arrears,orchards,treatment,prediction,indigestion,nomenclature
334,ante,bless,winded,rampant,luncheon,bleaching,uniformity,identifiers,organisation
335,cade,minus,crayon,charges,enlarged,cessation,stimulates,prohibition,proportional
336,acme,valid,gossip,warning,reciting,predicted,technology,butterflies,subsidiaries
337,lamp,winds,gravel,ribbons,midwives,standings,unoccupied,hairdresser,formulations
338,very,traps,plasma,pollack,variants,musicians,repetition,supplements,accelerating
339,nigh,carat,infect,belting,shortest,whimsical,noticeably,prioritized,dramatically
340,casa,about,seeded,corrupt,piercing,behaviors,publishing,photography,consistently
341,mort,makes,yonder,hemlock,piedmont,governors,racecourse,hilariously,marshmallows
342,gosh,gully,warned,retired,medicare,inflicted,successive,salesperson,caterpillars
343,aces,dryer,assure,buckets,detector,cascading,contracted,infatuation,unexpectedly
344,keto,whose,vulgar,vikings,magician,pressured,undeniably,calculating,productivity
345,kart,gangs,brasil,morales,termites,enhancing,complicity,unavoidable,postgraduate
346,foil,mural,tribes,realise,hipsters,originals,triumphant,reformation,amphetamines
347,fish,nancy,purses,bundled,lockdown,mutilated,viewpoints,contractual,identifiable
348,lakh,vowed,cuddle,stormed,recourse,uncertain,electrical,conventions,psychosocial
349,hate,mists,trusts,retract,shotguns,psychosis,formulated,information,contractions
350,gram,notes,scales,chasing,bitterly,benchmark,disgusting,diffraction,interrupting
351,neat,girly,garnet,wronged,securely,assassins,phosphorus,resemblance,corresponded
352,glue,urine,lambda,clothed,deciding,birthdays,prosecuted,recognising,dependencies
353,mark,scion,crypto,clothes,mechanic,longitude,contestant,manipulated,psychologist
354,been,waive,canine,colitis,escaping,disciples,reiterated,criminology,masterpieces
355,hunk,slabs,movers,debuted,landings,ultimatum,melancholy,springboard,exhilarating
356,play,shade,reread,regions,furthest,sophomore,redefining,technically,antagonistic
357,keel,pilot,sitter,tornado,hardened,shorthand,advocating,indications,inconsistent
358,wept,rival,raffle,evident,coatings,checkmate,orientated,impairments,thunderstorm
359,wolf,ticks,bursts,chances,delivery,sparkling,mentioning,preparation,commendation
360,veer,hurts,courts,fresher,attracts,northward,impediment,vegetarians,biologically
361,orca,hours,bourne,workers,offshore,headaches,linguistic,periodicals,prosecutions
362,grew,foods,expose,parkway,warriors,psoriasis,predicated,perpetrator,surrendering
363,seem,hutch,grills,centers,villages,gestation,refractive,disparities,immeasurable
364,puma,fists,steppe,barring,minority,notifying,principled,sentimental,dictionaries
365,sort,spoof,zephyr,parades,daybreak,reelected,judgements,expressions,confessional
366,dumb,pooch,pushed,fielder,monarchs,enrolling,scattering,executioner,structurally
367,desk,anvil,scouts,colours,converts,afternoon,relentless,substantive,heterosexual
368,cams,belly,mister,goddess,impulses,sightings,vegetables,subscribing,photographed
369,item,picks,rapids,tiniest,heirloom,minimally,forgetting,manifesting,photographer
370,loon,bulbs,liters,nuances,unfolded,evidenced,constitute,confidently,inexplicably
371,odor,coven,impure,handily,outburst,arthritis,worshipped,overbearing,supernatural
372,held,dense,brides,tracker,hungover,logically,underlying,sensational,disagreement
373,stat,grind,agreed,paladin,diagnose,budgeting,bookseller,implausible,photovoltaic
374,tram,geeky,pumped,calming,fighters,butchered,instituted,proprietary,relationship
375,thin,names,puddle,phalanx,exporter,exclusion,mentorship,motorcycles,subjectivity
376,full,moves,hunter,branded,informal,judgement,priesthood,prominently,complimented
377,mere,cello,dusted,firefly,shootout,sponsored,similarity,centralised,subcutaneous
378,sled,upped,gadget,smacked,auctions,splendour,fraudulent,dehydration,premeditated
379,comb,thumb,freely,natives,integers,execution,sensations,friendships,participants
380,dent,friar,learnt,assumed,annoying,incognito,certifying,undisturbed,photographic
381,tiff,smash,firsts,thereof,siblings,delegated,veterinary,deformation,uncontrolled
382,gave,goers,lashes,prefect,railroad,expulsion,flattering,superfluous,interstellar
383,tide,abide,medics,insular,parallax,nationals,imbalances,delegations,demonstrated
384,egos,yield,greedy,creates,playtime,comparing,corrupting,mercenaries,thoroughfare
385,hold,abbas,clings,docking,abrasive,deceitful,lubricants,challenging,conveniences
386,pets,fitch,porter,commons,ethylene,quotation,missionary,designating,intervention
387,aide,plump,ribbon,popcorn,moulding,beginning,archetypal,handcrafted,immunization
388,mage,epoxy,sacred,junkies,abundant,theorized,separatist,suggestions,oscillations
389,mars,mayor,spread,buffalo,plucking,eccentric,assembling,intertwined,observations
390,word,monks,twelve,remarks,behavior,letterman,sanitation,foreclosure,requirements
391,view,atlas,redone,repress,stimulus,abandoned,retirement,preexisting,accommodates
392,monk,amiss,widows,fetched,anywhere,squatters,provisions,necessitate,underwriters
393,ping,trash,fellas,elegant,chimneys,entrances,typewriter,undisclosed,preparations
394,onyx,lynch,chases,motions,stinking,dwellings,intolerant,journalists,recommending
395,hull,tarot,poster,tetanus,spoilers,chemicals,instalment,automobiles,sporadically
396,luce,lower,flying,jitters,estrogen,astounded,seasonally,compensated,incompatible
397,days,taunt,pegged,pharaoh,senators,nightfall,luminosity,intentional,prerequisite
398,pick,stars,rusher,governs,snapping,constable,transducer,unaccounted,afterthought
399,size,walls,upheld,fifteen,martyred,homestead,patriotism,reclamation,aeronautical
400,meta,stalk,devout,alright,youthful,stringent,infiltrate,established,spirituality
401,kana,meals,strait,further,strapped,affective,preventing,particulars,inconvenient
402,wash,mover,needed,neurons,emitting,achieving,burgeoning,homogeneous,governmental
403,cuts,salvo,seaman,rocking,cruising,oversized,tyrannical,adolescence,incarcerated
404,alms,skate,posing,seconds,starling,realities,shouldered,alternately,computerized
405,diva,sheds,cowboy,singing,offender,personnel,protection,negotiators,disintegrate
406,tins,smear,desist,fluency,justices,enigmatic,specialize,extradition,disadvantage
407,paws,feast,banker,glances,involves,synthetic,windshield,speculative,reproduction
408,hack,waved,jester,guineas,dwellers,groupings,liquidated,controversy,manipulating
409,trey,alert,sepsis,toaster,suppress,silencing,convenient,audiovisual,handkerchief
410,mime,donor,feeder,pinched,soldiers,intuition,instructed,coordinated,impressively
411,none,filth,cursed,veggies,sandwich,pervasive,officially,sympathetic,mathematical
412,buck,wreck,bucket,markers,doubtful,precincts,completely,carnivorous,asymmetrical
413,jock,booby,quaker,echelon,immunity,traumatic,obtainable,intensively,amalgamation
414,hank,their,uphold,cryptic,nominees,perplexed,discharged,polytechnic,inspirations
415,yelp,rides,payoff,bikinis,vocalist,anarchist,consortium,geopolitics,chairmanship
416,geez,cline,quince,arguing,athletes,throbbing,misleading,criminality,universities
417,racy,pixie,umpire,frantic,locality,detailing,grapefruit,encountered,calculations
418,cord,rider,batman,cartels,bulldogs,mastering,stipulates,millionaire,anticipation
419,tear,ruled,starts,wounded,excluded,stimulant,precedents,heavyweight,shareholders
420,doge,eater,linked,bonkers,symphony,revealing,aesthetics,referencing,corporations
421,peri,carry,causal,sonnets,glancing,organisms,membership,accelerated,disobedience
422,bang,folly,panzer,barbers,climbing,programme,enclosures,infractions,tremendously
423,cans,based,masjid,knocked,eventual,timelines,courageous,governments,asynchronous
424,bunk,scent,dumber,resided,mediocre,chronicle,comforting,democracies,commissioner
425,bull,mixer,people,rounded,rudeness,defendant,fortresses,replacement,stubbornness
426,cozy,odors,subtly,withers,children,overgrown,supplement,integrative,predecessors
427,lake,weave,island,poultry,covering,withstood,apartments,contracting,interception
428,coat,moist,chimps,touched,pacifist,objective,dissonance,speculating,receptionist
429,rips,debug,ocular,drugged,moisture,nourished,disorderly,alterations,broadcasting
430,huns,bilbo,client,misread,packages,tenacious,protestors,regrettably,conductivity
431,hall,shots,pounds,contend,shifting,criticise,turnaround,qualitative,consecration
432,mild,wraps,betray,chinook,mannered,travelers,television,extremities,considerable
433,huge,globe,stands,present,numbness,recognise,corrective,congressmen,assimilation
434,able,quail,equity,secrets,collects,commented,presumably,transcripts,dictatorship
435,dean,pants,planet,pleaded,hectares,impacting,adolescent,brainwashed,concurrently
436,taps,hoses,losing,prolong,external,latitudes,compliance,allocations,transformers
437,loot,glaze,judges,racists,eyeliner,teammates,stereotype,centralized,intermediate
438,bled,spelt,collar,yellows,managers,crackling,summarized,temporarily,inauguration
439,weir,croft,closed,abstain,systemic,unsettled,respondent,lubrication,verification
440,romp,poppy,defend,deceive,tapering,reduction,evacuation,obstructive,dissertation
441,rice,raged,spleen,licking,prolific,coworkers,paediatric,potentially,electrolytes
442,dank,theft,panama,baptist,obsolete,maneuvers,nourishing,accelerator,astonishment
443,nova,aunts,ticker,tenants,sharpest,harlequin,fourteenth,terminating,imaginations
444,here,adobe,hybrid,scarier,confided,dispersal,shockingly,deployments,mitochondria
445,lace,fails,absurd,tumours,entrance,espionage,succession,programmers,materialized
446,mike,false,impede,proudly,activate,tentative,activating,unjustified,internalized
447,clog,juice,advise,sandals,knickers,pantomime,interested,evaporation,stereotyping
448,crow,solos,during,midtown,overlaps,bulldozer,fraternity,specializes,administered
449,anil,asset,lonely,reprise,arrested,interpret,geologists,methylation,apprehensive
450,coma,creep,trader,pinning,navigate,ascending,disrespect,multiplying,scholarships
451,bane,shoot,toggle,warlord,depended,extension,decreasing,ethnography,modification
452,base,guise,secret,praises,emigrate,umbrellas,overlooked,firefighter,legitimately
453,hush,pinch,occupy,polygon,nominate,scripting,conformity,exemplified,cosmopolitan
454,left,longs,pellet,primary,adapting,discusses,frustrated,restructure,biochemistry
455,pars,apple,banded,sparkle,vouchers,rescinded,functional,unwittingly,communicated
456,taxa,tiger,burley,nipples,drawings,fishermen,polynomial,maliciously,ethnographic
457,sail,gauge,herald,inserts,nobleman,scapegoat,resumption,specialists,experiential
458,anew,flank,judged,saffron,thoughts,wallpaper,watermelon,assemblyman,constructors
459,pops,swine,combed,maggots,attorney,sleepover,nonviolent,worshipping,specializing
460,gush,enact,danish,grating,redirect,defending,electorate,manipulator,occasionally
461,oats,hicks,strips,scratch,aircraft,intention,horrendous,circulating,distillation
462,dory,buddy,latter,casting,referral,configure,malevolent,ethnicities,communicator
463,lets,songs,armory,massage,optimist,endowment,decomposed,illustrator,overwhelming
464,sank,queen,rubles,mislead,splashes,moderates,judgmental,deliverance,narcissistic
465,roll,churn,hopper,toothed,utilizes,recommend,throughput,prerogative,resurrection
466,drug,rerun,scrubs,cursing,automate,tiredness,externally,foolishness,unbelievable
467,yeah,whats,whilst,ironing,broccoli,truncated,motorcycle,coefficient,incandescent
468,pond,dumas,pirate,hectare,burritos,receptors,attentions,territories,vaccinations
469,rode,hyper,gentry,customs,licensee,makeshift,documented,indifferent,intermittent
470,gens,sniff,temple,motives,headband,firstborn,drosophila,clandestine,confederates
471,tusk,sabre,notary,buddies,slapping,localised,surgically,retribution,manufactures
472,crib,saber,fouled,figures,business,terminate,alternates,cholesterol,perpetrators
473,tugs,gimme,cavity,simplex,claimant,patriarch,neglecting,unspeakable,relinquished
474,skip,quasi,chakra,angered,jealousy,tributary,violations,manufacture,paramilitary
475,mica,verbs,fiesta,scumbag,courting,bourgeois,interstate,respiration,mobilization
476,fuji,trick,mounds,threads,resolves,bachelors,surprising,assumptions,rehabilitate
477,skit,brick,sprung,shorter,suffrage,attentive,expressing,sightseeing,collectibles
478,cows,playa,hedges,foreign,militant,commodore,antibodies,performance,cheerleaders
479,musk,shaft,pusher,records,nineties,freighter,colloquial,voluntarily,pediatrician
480,axed,zeros,wonder,spirits,folklore,schoolboy,mercantile,derivatives,organization
481,gash,awful,pueblo,flicked,fainting,architect,inaccurate,condolences,civilisation
482,hula,fools,finish,contain,wrestled,brilliant,roundabout,momentarily,sufficiently
483,bums,crisp,solely,explode,honoured,budgetary,greenhouse,transplants,frustrations
484,dang,shine,takers,courses,speeding,mannequin,symbolizes,resourceful,notification
485,jill,lucky,unpaid,subject,recalled,strapping,governance,overturning,contaminated
486,clam,acorn,traces,differs,insights,particles,grievances,grasshopper,inflammatory
487,crew,tipsy,sexist,festive,exported,oligarchs,prophecies,introverted,billionaires
488,hire,gowns,orient,columns,ordnance,marketers,rearranged,considerate,metaphorical
489,salt,heaps,eerily,folders,specific,hairstyle,infidelity,inferiority,successively
490,sets,heist,pooped,ripples,prentice,subpoenas,narcissist,disregarded,individually
491,ways,adage,fumble,textual,exchange,substrate,explosions,disgruntled,effortlessly
492,oils,dread,surrey,utterly,metaphor,drugstore,distinctly,playgrounds,chemotherapy
493,hint,whiff,obtain,consult,cyclical,procuring,accelerate,penultimate,meticulously
494,hoax,macon,trough,invoice,proudest,prejudice,retraction,combination,infringement
495,maps,knees,iconic,castles,enlisted,beautiful,depictions,compliments,spreadsheets
496,boom,beads,clicks,sandman,blushing,crossings,undermines,distasteful,multipurpose
497,matt,tread,capers,hurdles,patriots,clutching,sunglasses,introducing,instructions
498,ploy,rings,smoked,gaseous,releases,pragmatic,liberalism,interpreter,installation
499,pear,sized,plural,avenues,droplets,thickness,alienation,destination,radiological
500,less,mores,rowing,viceroy,articles,exhibited,containers,arrangement,speculations
501,saul,rally,currie,shadowy,sparrows,sceptical,prevalence,perspective,streamlining
502,hare,incur,gloria,entries,charcoal,portrayed,struggling,disoriented,pathological
503,blew,start,tinder,halfway,cemetery,unnoticed,precocious,accountancy,intensifying
504,boot,ledge,giggle,testers,auditory,carcasses,remodeling,secretaries,orientations
505,coal,wales,oxford,concept,criminal,pituitary,extraction,controllers,undiscovered
506,pawn,burns,fasten,steeped,scarring,exchanged,carpenters,confiscated,fingerprints
507,page,ended,actual,graphic,theaters,pertinent,inflatable,socializing,connotations
508,urge,bores,deadly,fallout,aligning,collected,conversely,accomplices,correctional
509,body,scans,strode,harshly,brushing,downgrade,compromise,beneficiary,outstretched
510,jabs,morph,action,dungeon,accusing,dynamical,neutralize,structuring,unrecognized
511,cake,rains,billie,looking,egyptian,decorated,galvanized,renaissance,complication
512,uses,hasty,eczema,drafted,abducted,altitudes,evaporated,prosecuting,supplemented
513,hops,bower,weaker,calypso,aromatic,paperwork,ionization,distributor,incidentally
514,alto,angel,culled,sorghum,striving,advocates,difference,spontaneity,breathtaking
515,kemp,moles,purest,divided,optimize,sketching,buttermilk,emotionally,coordinators
516,blot,grits,roster,execute,dictates,protocols,illuminate,dimensional,reproductive
517,bore,chump,fondly,rectory,poignant,whistling,stubbornly,differently,subconscious
518,rock,pussy,dynamo,slammed,expelled,tradition,saturation,observation,radiotherapy
519,loaf,crass,homers,hearing,railways,syntactic,scriptures,temptations,mechanically
520,lobe,penny,brazen,lecture,overseer,inception,supportive,simulations,menstruation
521,snag,lupus,heaven,napping,weddings,hamstring,pleasantly,resolutions,recognizable
522,vine,mares,theses,eastern,shuffled,condemned,executives,abstraction,inexplicable
523,dose,clamp,hoodie,sacking,rankings,antarctic,leadership,interfering,sympathizers
524,pint,plaza,seemed,anxiety,inaction,cafeteria,prominence,constructor,deregulation
525,kirk,furry,kettle,phoenix,listened,quickness,oppressors,retardation,entanglement
526,than,hails,catchy,mission,reliving,machining,prescribed,overlooking,spectroscopy
527,loud,balls,shouts,allowed,booklets,temporary,furthering,examination,constabulary
528,lord,zebra,flicks,varsity,speaking,listening,indecisive,vacationing,fluctuations
529,perk,fruit,genome,meaning,brackets,imaginary,triangular,schoolhouse,distribution
530,spit,evade,evoked,gradual,situated,submarine,excavation,subtropical,constitution
531,comp,foray,yearly,illegal,lordship,mortgages,innovation,culminating,denomination
532,belt,maxim,assist,densely,reunited,bootstrap,categories,accordingly,highlighting
533,lacy,creme,shoots,tenancy,improper,hillbilly,carelessly,translators,interviewers
534,nous,robot,absent,fuelled,campsite,lifeboats,safeguards,ministerial,artificially
535,guns,fatty,regard,judging,baptized,fictional,homogenous,theologians,designations
536,roam,hinds,narrow,females,steadily,designing,consensual,feasibility,distributing
537,surf,lofty,vanity,ignored,relating,removable,minimalist,importation,hopelessness
538,aunt,fined,tubing,blazers,fondness,celebrity,lifesaving,illuminated,multimillion
539,dawn,iliad,shogun,dilated,freckles,isolation,disclosing,formulating,unresponsive
540,dyer,purge,weiner,obtains,theatres,specialty,barricades,specificity,illegitimate
541,live,puffy,nestle,stamina,orthodox,inference,inflicting,millimeters,efficiencies
542,tutu,jumps,unfair,ceasing,visitors,remodeled,unlawfully,anticipated,installments
543,pale,crabs,bronze,plateau,softness,spherical,describing,directorial,transmitting
544,noir,fella,wisely,skilful,spinners,stretcher,cardiology,fortunately,destinations
545,bead,racks,inside,unnamed,services,purported,hereditary,disparaging,insurrection
546,week,tends,casing,breasts,carefree,described,diligently,spearheaded,fraudulently
547,imam,pears,update,unravel,squarely,starlight,altruistic,perpetrated,stakeholders
548,lynx,ports,gaming,keeping,munching,reluctant,cappuccino,expectation,emancipation
549,cats,gamut,cavern,genetic,softball,indignant,cathedrals,exponential,governorship
550,mule,joins,called,brother,hundreds,auditions,tightening,chimpanzees,undetectable
551,goof,prism,kimono,parsing,goodwill,institute,vanquished,displeasure,southwestern
552,pans,genie,harden,interns,landfall,flotation,competency,chromosomes,unfathomable
553,skis,rowan,flight,adopted,weirdest,accepting,diminutive,unambiguous,communicates
554,knot,bills,modern,fatigue,depleted,egyptians,bestseller,interrupted,collaborator
555,lies,combo,atrial,spouses,advanced,disbelief,contrasted,composition,incompetence
556,root,adorn,unites,logging,resorted,purposely,randomized,territorial,neuroscience
557,pack,blast,kinase,connect,exempted,additives,flamboyant,projections,bodybuilding
558,kelp,swiss,unkind,worldly,basilica,relations,enthusiasm,prehistoric,compromising
559,dart,nance,spores,filings,hardship,commenced,deflection,predictable,illuminating
560,turf,storm,themes,station,casually,prominent,chardonnay,generations,particularly
561,exam,butte,dramas,needles,adequate,hydraulic,adrenaline,overheating,exploitation
562,mugs,cases,stoker,batsmen,undercut,catholics,adjustment,accompanies,metaphysical
563,limp,bossy,macron,dioxide,believer,colliding,dissimilar,unprotected,conglomerate
564,oval,shaky,rabies,survive,proposal,extensive,suppressor,booksellers,shortcomings
565,rely,blaze,garvey,abusers,mistakes,valuation,committing,battleships,mademoiselle
566,cold,marge,gibson,studded,whooping,panelists,legitimate,bodybuilder,nevertheless
567,bump,tonal,surely,shunned,consular,underpaid,authorised,commandment,personalised
568,khan,charm,ringer,hamlets,awakened,venerable,quantified,restricting,recollection
569,pele,solar,moment,inquire,physique,toughness,deviations,positioning,introduction
570,writ,ruddy,murals,convene,printers,tombstone,parliament,locomotives,explorations
571,scum,films,window,topical,bouquets,feathered,scavenging,fashionable,surprisingly
572,sued,pecan,unplug,goblins,flocking,undefined,harmonious,beautifully,fluorescence
573,dibs,sober,crouch,telling,routines,acquiring,deficiency,recognizing,commensurate
574,mons,fussy,feared,overuse,superman,radiation,appointees,adaptations,encyclopedia
575,hams,nifty,celiac,depends,futility,symphonic,wainwright,unqualified,constructive
576,cope,labor,eulogy,senator,commerce,detective,requesting,distributes,unattractive
577,poop,delay,tiring,turkeys,blankets,evocative,industrial,culmination,chiropractor
578,acne,warms,ousted,impasse,genotype,hydration,sculptures,disposition,straightened
579,colt,clown,phobia,selfish,diamonds,someplace,bartenders,skyrocketed,independence
580,marc,yarns,health,chateau,outposts,centering,contractor,pretentious,replacements
581,roar,boots,define,aligned,idealism,comprised,securities,predicament,insufficient
582,gaga,runes,movies,omitted,majority,catchment,soliciting,consultants,achievements
583,shah,habit,kraken,degrees,refusing,cocktails,journeyman,uncertainty,subdivisions
584,rose,cable,stroud,unlucky,rosemary,partition,precedence,spreadsheet,repatriation
585,hole,fraud,canary,ranging,romantic,blackface,blackberry,amphetamine,electrocuted
586,pimp,vents,liable,dipping,purposes,poisoning,theatrical,attractions,inaccessible
587,also,rests,cleans,abigail,chivalry,differing,conflicted,refurbished,affectionate
588,toys,gains,looney,rubbing,vertical,adoptions,enrollment,cleanliness,temperatures
589,faze,fades,chairs,vassals,laureate,fertility,obsessions,mischievous,constituting
590,trip,fairy,strong,entrant,creeping,iteration,comparison,painstaking,subterranean
591,ruth,arson,levels,peering,analyses,fortitude,multiplied,complaining,excruciating
592,joke,ready,starve,exerted,solstice,momentary,recovering,unwarranted,meaningfully
593,taka,spots,master,largest,ontology,censoring,nonprofits,unfavorable,bureaucratic
594,carr,decal,missed,couture,nineteen,fifteenth,comprising,backpacking,controllable
595,thee,supra,suitor,manning,distance,undertook,coordinate,enforceable,segmentation
596,cola,twine,longed,comfort,coherent,deadlines,withdrawal,decorations,commandments
597,garb,beers,sprang,revenue,foreword,exemption,councillor,equivalence,unchallenged
598,exit,titty,sought,staffed,fanatics,refueling,antagonist,allegorical,investigated
599,park,fucks,grinds,warming,specials,conscious,wholesaler,predominant,transactions
600,toot,jacks,refuge,forging,quantify,worldview,undefeated,interviewed,complexities
601,felt,coats,affect,pistons,delegate,repeating,emblematic,underweight,neurosurgery
602,what,ponce,gallop,jukebox,adjusted,evergreen,attributes,revisionist,representing
603,carp,wakes,escort,reunion,previews,afterward,connection,awesomeness,unscrupulous
604,buzz,rabid,mainly,raffles,distract,dismantle,projectile,preoccupied,conventional
605,laps,fishy,mobile,studios,thinking,teaspoons,memorandum,controlling,illustration
606,nose,empty,reward,rougher,evidence,infection,springtime,soundtracks,coincidental
607,toby,howdy,pacers,puberty,balloons,hammering,confounded,compilation,descriptions
608,gear,peaks,buzzer,paragon,mentally,adherents,mechanisms,commissions,chesterfield
609,puns,hater,warmer,english,procured,knowingly,thankfully,destruction,contribution
610,seed,entry,forego,residue,scarcity,fledgling,immaculate,exasperated,presumptuous
611,cork,aging,hadith,methods,vehicles,executing,pilgrimage,achievement,colonization
612,coup,tasty,cheats,tonight,argument,displayed,auctioneer,capacitance,distractions
613,ours,kudos,unseen,enables,diplomas,antivirus,overweight,supervisory,presbyterian
614,fond,suave,flared,bassist,operates,viewpoint,researcher,misdemeanor,horizontally
615,stub,wonky,bowing,solidly,obituary,financial,constables,slaughtered,compensation
616,lite,paris,lively,slipped,ensuring,surrounds,autographs,involuntary,eccentricity
617,beds,slash,serves,diploma,diocesan,indicated,vindicated,inefficient,unofficially
618,mutt,level,inputs,overall,relieved,leviathan,persecuted,temperament,progressives
619,curd,mocks,stoves,conveys,database,stiffness,terminates,discovering,choreography
620,spot,angry,mantis,ranking,sexually,panicking,campground,skyscrapers,economically
621,gulp,sperm,convex,numbers,dislikes,sensitive,foreground,workmanship,increasingly
622,pike,acids,aspire,clients,bottling,seventies,atrocities,presumption,experiencing
623,dine,truth,ration,favored,upheaval,riverside,thundering,respectable,deteriorated
624,halt,picky,wading,declare,managing,grappling,paraphrase,sweethearts,dissociation
625,pill,dusty,flinch,dusting,commands,genealogy,conjecture,stewardship,sociologists
626,anal,pedal,agents,roofing,doctoral,repugnant,dictionary,unregulated,millionaires
627,tiny,chalk,fossil,dispose,diseases,consulate,hyperbolic,enlargement,registration
628,croc,spurt,career,pairing,concerts,activists,kingfisher,backgrounds,appointments
629,veil,array,bionic,vulture,sculptor,concubine,relational,medications,spectrometry
630,corn,reuse,braces,donkeys,unifying,mediators,centennial,computation,interpreting
631,rims,tough,clingy,autopsy,assorted,shipwreck,submission,transporter,unsupervised
632,smug,wrath,acidic,pertain,ascended,thumbnail,shimmering,expenditure,partnerships
633,howe,azure,simmer,peoples,footwear,eagerness,mistresses,heartbroken,illumination
634,dies,raves,ginger,spartan,coloring,questions,vaccinated,assimilated,kaleidoscope
635,shed,quiet,biggie,stalked,ecstatic,confessed,negotiator,informative,demographics
636,cube,kilos,seller,grasses,shipment,membranes,boycotting,articulated,impenetrable
637,clip,theta,dinghy,hundred,trusting,justified,hamburgers,evangelical,libertarians
638,gout,forty,posted,helping,doomsday,quadruple,transforms,grandmaster,multitasking
639,work,faced,forget,inhaler,chargers,typically,specialist,essentially,consequences
640,earl,saved,bistro,hipster,suffered,homegrown,vaudeville,blindfolded,capitulation
641,lurk,token,uneasy,magnets,carriage,operative,hydropower,belligerent,intersecting
642,glen,melee,active,clapper,watchful,farmhouse,investment,microscopic,strawberries
643,mesa,poker,pagoda,sending,ensemble,overtones,highlights,theoretical,unilaterally
644,user,vials,seamen,placebo,sideways,direction,organizers,negotiation,certificates
645,moor,wigan,kimchi,severed,revising,remaining,qualifying,revelations,negotiations
646,obey,marry,little,stooges,discreet,provinces,quantities,rectangular,acknowledges
647,nada,hints,avatar,fooling,coconuts,multiples,cornerback,encompassed,continuation
648,poll,horse,sketch,tapered,cyclists,townhouse,deposition,blackmailed,condemnation
649,howl,freed,highly,styling,homework,struggles,refinement,intuitively,displacement
650,clue,ivory,module,vitally,clubbing,packaging,immigrated,aftermarket,multilateral
651,polo,japan,subbed,lactose,stalling,statesmen,tablespoon,entertained,inextricably
652,rang,payed,talked,cooking,readable,reworking,torrential,apprentices,epistemology
653,disc,souls,salmon,skyline,clicking,deposited,prospectus,institution,neighbouring
654,laws,fouls,tartar,servant,lopsided,biosphere,stagecoach,rattlesnake,transforming
655,cent,years,fusing,percent,cabernet,disparate,impression,vertebrates,kindergarten
656,sept,poise,coughs,relates,stocking,challenge,juggernaut,chamberlain,consolidated
657,cyst,shove,suited,caliber,reunions,harmonica,litigation,possibility,periodically
658,pull,silos,making,tilting,laminate,infirmary,strikeouts,calligraphy,resettlement
659,tosh,panes,presto,honking,disowned,referrals,telephoned,decapitated,unproductive
660,raft,shiny,hereby,maidens,exploits,aggrieved,translates,containment,conditioning
661,buns,crude,shrubs,invaded,pancakes,elongated,prefecture,counterfeit,epidemiology
662,gone,scene,asleep,pullman,together,switching,fragrances,approximate,biosynthesis
663,abed,derby,timing,assures,settings,permitted,freelancer,therapeutic,friendliness
664,hero,manly,mosaic,bragged,sciences,expedited,bombardier,facilitates,compensating
665,milk,tubes,bought,bruises,subpoena,centurion,screenings,interceptor,melodramatic
666,ahem,poses,papacy,airtime,trousers,federally,channeling,restaurants,implantation
667,nope,these,curses,rallies,peroxide,asteroids,watchtower,discouraged,capabilities
668,jeez,tulip,cancer,genesis,franklin,pineapple,prostitute,appearances,mysteriously
669,teen,cults,thanks,fetuses,walkways,satirical,incidental,sufficiency,refreshments
670,avid,mains,bruise,wrecked,junction,deceiving,advertiser,reliability,interpreters
671,joss,witty,polled,teenage,visiting,corrected,broadening,tributaries,standardized
672,alan,weeks,poison,golfers,gorgeous,nominally,redundancy,holographic,urbanization
673,ogre,piece,colony,marches,innovate,evolution,irrigation,overarching,housekeeping
674,chao,edges,soared,cartons,mistrust,goddamned,monotonous,restoration,embezzlement
675,lawn,newer,planar,ottoman,insisted,grapevine,amputation,provisional,ridiculously
676,stud,bongo,slated,redress,middling,solicitor,sympathies,inexpensive,domestically
677,holy,aside,timely,seminar,aqueduct,mercenary,magnifying,obstruction,psychopathic
678,bask,hippo,strife,bowling,regulars,strenuous,tendencies,auditioning,performances
679,demo,shone,auntie,epithet,festival,middleman,minimizing,southerners,supermarkets
680,bear,cover,prayer,looming,unionist,interests,instructor,portraiture,penitentiary
681,rule,batch,looted,behaved,furnaces,balancing,bridesmaid,scholarship,unrestricted
682,eyes,tides,trashy,rioters,skillful,retriever,pedophilia,implemented,imprisonment
683,cobb,notch,thinly,talking,cuddling,movements,foundation,citizenship,inflationary
684,atop,among,stings,theatre,hologram,honeycomb,princesses,facilitated,legalization
685,chip,walks,condos,reflect,bursting,anecdotal,traversing,sweepstakes,coordination
686,hove,doves,astral,soprano,exterior,curiously,antisocial,connotation,unattainable
687,ruff,steel,reruns,slumber,textured,eradicate,controlled,traditional,advancements
688,duos,nerdy,maduro,partner,fiddling,biometric,exemptions,discussions,disingenuous
689,coil,focal,losses,surface,genocide,leftovers,thoroughly,confinement,declarations
690,rope,belle,marked,tempted,scramble,collapses,visibility,impassioned,motivational
691,thus,swims,seized,stumped,brightly,portfolio,happenings,technicians,endorsements
692,keep,oaths,scares,spinoff,guessing,supporter,rehearsing,replicating,microbiology
693,cask,swipe,slogan,venting,dogmatic,battalion,laboratory,adversaries,broadcasters
694,hers,civic,futile,springs,collapse,protector,applauding,differences,spectrometer
695,nods,bowel,witted,moulded,refining,leveraged,presenting,mercilessly,condominiums
696,dear,signs,pained,wildcat,uniforms,combating,collisions,midfielders,coordinating
697,icon,barre,acacia,asserts,positive,negligent,socialists,goalkeepers,reconsidered
698,thou,alamo,beasts,emerges,corrects,explosion,synagogues,distinguish,milliseconds
699,line,taper,morale,holding,synonyms,paramount,separately,shamelessly,irresistible
700,volt,salsa,fairly,curtain,invoking,resonated,altogether,connections,debilitating
701,tuba,order,sliced,lineups,abruptly,fireflies,separating,imagination,indifference
702,bind,haves,forest,ugliest,accounts,newspaper,volatility,dilapidated,constituency
703,jade,crock,guilds,seizure,variance,southeast,marginally,embellished,peacekeeping
704,wary,baron,burger,pursued,sycamore,avoidance,overseeing,psychiatric,resignations
705,haha,admit,cutter,cameras,physical,usability,alteration,equivalents,contributors
706,pent,right,adored,morally,forwards,procedure,displacing,theological,appreciative
707,bets,robes,gritty,palazzo,reformer,intensity,misfortune,pollination,transporting
708,clay,booth,alarms,splurge,blinding,graduated,rationally,fingerprint,jurisdiction
709,tail,stuff,morbid,slogans,repeated,religions,evangelism,application,faithfulness
710,drew,ounce,unwind,bracket,shooting,unskilled,prefrontal,prospective,confirmation
711,iris,coupe,ardent,diaries,clitoris,distanced,xenophobic,intercourse,persistently
712,hose,piped,drowns,finally,wineries,socialite,starvation,equilibrium,abbreviation
713,rave,eight,fliers,chucked,carvings,plummeted,dependence,deliciously,subordinates
714,nuns,corgi,necked,servers,assemble,flashback,disturbing,incremental,refrigerated
715,drip,cross,proper,selects,restrict,outnumber,productive,convictions,psychiatrist
716,harm,monte,happen,tagging,networks,examining,originally,merchandise,delightfully
717,wack,erect,insane,striped,cannibal,alignment,magistrate,adolescents,conversation
718,exes,rogue,idling,coolers,tenement,telephony,chimpanzee,exceptional,infiltration
719,cock,bogey,beater,replays,exertion,fortunate,petitioned,countryside,transplanted
720,most,xenon,rivers,eternal,ministry,damnation,monogamous,infuriating,cardiologist
721,chit,plums,palate,mariner,payments,pacemaker,incursions,conditioner,thoughtfully
722,redo,hotel,bamboo,reunite,overview,streaming,mannequins,categorical,improvements
723,pole,touch,escrow,emotive,avengers,shortened,principles,perpetuated,standardised
724,real,stand,powers,voyages,unveiled,benefited,goaltender,frustrating,indisputable
725,lane,basis,opiate,bolivia,takeover,encounter,percussion,workstation,southeastern
726,shay,tents,siding,toddler,commuter,lawmakers,university,duplication,neurological
727,jeep,manta,caught,bandage,homeland,allegedly,disengaged,candlelight,intermission
728,goes,famed,cycled,tripled,reliable,phosphate,polymerase,restorative,prostitution
729,tube,hymns,burton,soundly,treaties,allowance,captivated,annihilated,sociological
730,fear,build,sweeps,humming,economic,fractured,behavioral,sensitivity,distinctions
731,lift,stuck,biting,montage,explicit,principal,terminator,mesmerizing,insecurities
732,ding,bagel,pundit,scented,province,screaming,cartoonist,interchange,restructured
733,rams,catch,bikini,against,slimming,marijuana,northbound,obligations,commemorates
734,rent,sound,clergy,partial,perverts,diplomats,chemically,involvement,subscription
735,pane,works,duties,updates,infected,champagne,procedural,neurologist,incorporated
736,warm,eased,dreams,clerics,launched,bilateral,delicately,commonplace,championship
737,duly,react,clinic,faggots,punitive,hindsight,executions,republished,distributors
738,ward,goods,champs,support,energies,countries,misgivings,unhappiness,occupational
739,vibe,troll,goblin,sniping,oriented,blueprint,toothbrush,interacting,examinations
740,dash,issue,hugely,mortals,captures,obscenity,resentment,persistence,conservatory
741,auto,horde,prides,applied,metering,frightful,indulgence,protections,appreciating
742,heed,broad,pointe,private,mangrove,nutrients,professors,initiatives,competitions
743,gaol,venom,dipper,gimmick,omitting,wrestling,categorize,contributes,substituting
744,hoop,tears,divine,netting,blocking,tinkering,regretting,girlfriends,substantiate
745,foal,brisk,rabbis,quartet,splinter,childhood,subjecting,thermometer,welterweight
746,done,thugs,carers,caloric,unmarked,difficult,providence,impractical,overreacting
747,beta,great,gators,alleged,florence,scenarios,confluence,recruitment,recreational
748,shag,pulse,oldest,deluded,deranged,foothills,lengthened,surrounding,testimonials
749,blah,finer,flower,aviator,cautions,inclusion,adaptation,complicates,approachable
750,ages,inked,lackey,traffic,memorial,endeavors,orthopedic,productions,diamondbacks
751,tour,merry,caesar,epitaph,neurotic,assertive,desolation,tentatively,contributing
752,frat,hopes,tester,ferries,fragment,scrambled,optimistic,reinforcing,difficulties
753,weld,tiles,horrid,collide,upcoming,amenities,footballer,meritorious,northwestern
754,coax,bases,flocks,crowded,mingling,conserved,villainous,departments,geopolitical
755,nuke,dived,eating,marines,shithead,sequences,generating,speculators,considerably
756,yuck,claim,roamed,cheetah,outboard,loyalties,accidental,unification,academically
757,kept,snake,bruins,checker,thwarted,endlessly,monographs,internships,entitlements
758,ears,holds,naming,yonkers,proteins,metaphors,comparable,subordinate,ratification
759,flap,mated,bowers,feature,perfumes,motorbike,intentions,refinancing,mythological
760,lure,curly,doggie,niggers,rational,undergone,recognized,unconnected,partisanship
761,wont,stair,bright,annoyed,passport,primaries,allegiance,intolerance,acknowledged
762,woof,point,asylum,through,leaflets,organiser,ambivalent,proceedings,remuneration
763,quid,round,menace,despite,sideshow,firestone,celebrates,researching,differential
764,swim,grade,pounce,lullaby,gendered,naturally,electronic,continental,propositions
765,morn,burnt,sneeze,rockers,thirties,introduce,posthumous,disappeared,reincarnated
766,offs,wharf,stones,grocers,snowball,diverting,unanswered,quarantined,humanitarian
767,pore,bulky,ulcers,cardiac,subspace,dissipate,reasonable,partitioned,technologies
768,tile,thine,sparse,matchup,crucifix,communism,borderline,obstructing,unsuccessful
769,axle,hides,vendor,objects,snooping,emissions,reassigned,illustrates,necessitated
770,pita,sodas,pricks,marbles,standoff,attendant,clinically,acquisition,solicitation
771,sown,donna,morons,mothers,quotient,disarming,unpunished,desperately,superstition
772,band,thyme,myriad,staffer,germanic,considers,annihilate,reorganized,satisfaction
773,bald,spoon,slider,gallons,selector,crediting,headmaster,reconciling,disciplinary
774,afar,bulge,pranks,shopped,endeavor,inhibitor,increments,tranquility,progesterone
775,late,steak,smelly,sneaker,congrats,restricts,leveraging,charismatic,undertakings
776,mask,joked,elects,central,testicle,battering,signalling,scrutinized,mistreatment
777,pots,jetty,cartel,steered,fleeting,workforce,imperative,prematurely,unreasonably
778,nine,navel,limits,weights,snippets,processor,suspicions,educational,accomplished
779,lowe,bones,plaque,pendant,chapters,purchaser,blackboard,unimportant,perspectives
780,shun,sonny,squire,endgame,laughter,aggregate,cartridges,fulfillment,evolutionary
781,tact,zaire,misses,stepped,radiated,envisaged,decorating,contingency,protagonists
782,cuff,colts,gutter,futures,shameful,martyrdom,euthanasia,requirement,articulation
783,tote,chunk,fuller,kidneys,legalize,conquered,semifinals,dictatorial,interviewing
784,wild,towed,murmur,watches,suitcase,countered,wheelchair,oscillation,carbohydrate
785,save,fling,piglet,squishy,droughts,transform,processors,forefathers,questionable
786,bush,slain,improv,turtles,narrator,defeating,thrombosis,tournaments,astronomical
787,lain,kyrie,nerves,archers,unjustly,treasured,discarding,inclination,commonwealth
788,peck,torso,outing,replete,deprived,depravity,pressuring,handicapped,establishing
789,math,whale,hooper,disease,creature,doctrinal,impatience,interactive,horticulture
790,bats,value,worthy,athlete,religion,slingshot,nucleotide,innovations,commemorated
791,docs,dives,leader,salient,tribunal,blueberry,psychopath,inseparable,translations
792,cram,havoc,shifts,rushing,baritone,scrapbook,contending,engineering,unemployment
793,piss,oiled,global,pennant,taxonomy,commuters,emphasises,identifying,commissioned
794,iota,mixed,bearer,tyranny,nuisance,semblance,recitation,checkpoints,biographical
795,flax,diced,spouse,periods,precedes,critiques,animations,campaigners,longitudinal
796,oars,tight,shafts,keynote,financed,appetites,victimized,stakeholder,interspersed
797,rami,snoop,paltry,texture,severely,stalemate,effortless,nightingale,amortization
798,doll,weary,fluids,scandal,pictured,unplanned,inspectors,sustainable,underwriting
799,daft,slide,violin,tropics,hydrated,predictor,reinforces,methodology,unforgivable
800,tofu,gurus,sphinx,obeying,latitude,landlords,protesting,lightweight,thunderbirds
801,sell,sigma,lapsed,largely,authored,blackwood,adventures,thunderbird,middleweight
802,tuna,dairy,nephew,novices,fraction,horseshoe,plagiarism,unrelenting,intimidating
803,funk,sloth,cloudy,summons,dwindled,foresight,threatened,cauliflower,contaminants
804,arts,sages,touted,plumage,footpath,hourglass,exhibiting,peripherals,unacceptable
805,tots,flask,savior,plaster,costumes,occupants,standstill,memberships,presidential
806,farm,sally,dearth,thinker,firmware,gentleman,infighting,molestation,safeguarding
807,ease,swarm,titled,bunkers,clipping,anarchism,carnivores,importantly,emphatically
808,rare,amour,smarts,uptight,villager,scrubbing,sequencing,chromosomal,successfully
809,loop,senna,sneaky,thereby,sentence,statesman,registered,anaesthetic,electrifying
810,shoe,gamma,corset,gunning,kangaroo,adjusting,infinitely,correctness,exaggerating
811,arcs,bound,oxygen,resists,espoused,goldsmith,youngsters,emphasizing,overthinking
812,echo,today,syntax,rapists,deformed,immediate,mistreated,hostilities,anticipating
813,need,warns,pacing,baronet,morality,periphery,photograph,libertarian,constructing
814,dove,jerry,gables,dollars,journals,refinance,outweighed,publication,supercharged
815,sync,fryer,rebels,paprika,prettier,authorize,toothpaste,anonymously,independents
816,gaps,suits,thorns,legions,inquired,countdown,aggregated,nonsensical,masturbation
817,kite,sweat,cooker,spandex,mahogany,locations,integrates,incorporate,disappearing
818,bone,brits,glycol,angrily,hopeless,sprinting,submissive,constrained,practitioner
819,loss,fuels,unisex,dresses,eggplant,courtroom,unofficial,distinctive,incorporates
820,faux,wreak,siphon,fumbles,altitude,doughnuts,abnormally,populations,dissatisfied
821,sith,leans,ranged,targets,lemonade,inspector,everything,objectivity,condensation
822,defy,arena,dreads,quoting,phrasing,nervously,honourable,lawlessness,programmatic
823,cook,logan,trades,beetles,declared,harnessed,irrational,punishments,enthusiastic
824,hiss,largo,stunts,classes,esteemed,painfully,propagated,inexcusable,conservative
825,raid,cited,marrow,isotope,chugging,composite,touchdowns,republicans,unimaginable
826,oaks,guest,plunge,onerous,loathing,connected,synonymous,enchantment,deficiencies
827,gene,decks,loosen,kickers,stroking,forecasts,foreigners,remembrance,civilization
828,awry,hotly,habits,petting,crossing,intricate,delightful,preparatory,transferable
829,site,swath,hurray,closest,fragrant,tormented,snowflakes,reservation,practicality
830,mick,smirk,commit,sawmill,choosing,plurality,brightness,lymphocytes,thanksgiving
831,mate,rural,darken,carotid,expiring,paralysed,informants,reputations,bibliography
832,newt,flown,rupees,margins,lakeside,aggressor,disability,comparisons,unprofitable
833,risk,boxed,chunks,falcons,attempts,levelling,headphones,communities,pharmacology
834,palm,tempt,sample,actions,embraces,visualize,cheekbones,synchronous,acquisitions
835,tens,smart,tandem,shocked,blissful,homicides,percentage,legislature,quarterfinal
836,liar,palms,blokes,picking,donation,pessimism,oppression,calibration,accumulating
837,laid,nails,rapist,checkup,granting,surcharge,recipients,pedestrians,consultation
838,mags,hinge,pedals,runaway,marketer,composing,fractional,categorized,misogynistic
839,sips,tyres,dredge,rollout,overlook,landowner,caricature,competition,intersection
840,fins,angst,dagger,modules,suspends,betrothed,commission,manuscripts,confiscation
841,jail,monde,sucker,viewing,yearning,traversed,discounted,numerically,cancellation
842,joey,pitch,morgue,scaling,required,wandering,touchstone,intensified,overpowering
843,davy,resin,wealth,players,airliner,unusually,manipulate,reflections,volunteering
844,prom,feels,winter,sailing,sediment,resonates,orthogonal,worshippers,confidential
845,pity,sales,driven,torture,chairmen,withdraws,criminally,treacherous,naturalistic
846,dust,rehab,voodoo,anguish,coasters,magnesium,contacting,quarterback,malnutrition
847,sims,quota,genius,enquire,declined,inspiring,brilliance,suspensions,unregistered
848,yogi,glass,turned,martyrs,favoring,polluting,precursors,ideological,intimidation
849,life,madam,wooded,snipers,takedown,chocolate,embodiment,compromises,antioxidants
850,gyro,germs,blight,streaks,embodied,associate,reflecting,supermarket,grandparents
851,byte,jolly,classy,novella,pathways,reassured,dispensing,inspections,inaccuracies
852,dens,licks,sevens,shuffle,crumpled,smuggling,infectious,environment,encompassing
853,taxi,plots,heresy,flannel,tailgate,dimension,transition,limitations,manipulative
854,slug,pests,pretty,prairie,spinning,copyright,waterfalls,pleasurable,irreversible
855,note,kites,shears,berries,delaying,observers,mayonnaise,fingernails,infrequently
856,till,grunt,august,robbers,district,colonized,refractory,respondents,veterinarian
857,gods,waltz,envoys,fixated,omission,whichever,silverware,criticizing,contradicted
858,pass,diary,trendy,resorts,colossal,sectional,controller,maneuvering,localization
859,quiz,bends,skills,renewal,received,versatile,everglades,trafficking,anthropology
860,isle,blend,eighty,minimum,finisher,doctorate,thermostat,assignments,polyethylene
861,silk,caddy,saline,failure,backyard,unpopular,literature,meaningless,encapsulated
862,role,sweep,unions,soluble,existing,combining,kidnapping,specialties,dispensaries
863,plea,undue,volley,reserve,shamrock,uninsured,metastatic,dangerously,polarization
864,sine,spout,rotary,borough,ordering,atonement,reciprocal,picturesque,workstations
865,date,jewel,bowels,winking,autonomy,fabricate,congresses,empirically,generational
866,step,field,ritual,stances,centrist,residency,yourselves,directional,testosterone
867,meal,obese,millet,chaired,historic,consigned,deactivate,researchers,grandmothers
868,clot,super,energy,apostle,capitals,condenser,usefulness,tablespoons,declassified
869,memo,lying,ceases,gunners,respects,portrayal,campaigned,carriageway,manufactured
870,mall,dukes,pulley,ravaged,gracious,cigarette,hesitation,mountainous,disconnected
871,quay,sexes,archer,webster,wrongful,emergency,sufficient,attributing,degeneration
872,bios,roger,felled,aborted,cladding,concluded,protective,explanation,similarities
873,lips,ascot,silica,bitches,breathes,devouring,reschedule,topological,commencement
874,bene,wages,tartan,monkeys,critical,enquiries,inflection,determining,cheerleading
875,swat,gecko,ageing,diocese,motorist,harvester,motivating,hummingbird,participates
876,tele,wheat,crates,poached,precepts,hamburger,unfettered,captivating,demonstrates
877,mail,puffs,mirror,admiral,attained,iterative,unilateral,archdiocese,contemporary
878,cafe,dined,stumps,mention,dynamite,consuming,combustion,situational,pigmentation
879,wigs,sworn,skiing,viruses,partisan,motorists,benchmarks,biochemical,relentlessly
880,rosy,crore,majors,mascara,borrowed,heartache,regulation,disapproval,indefinitely
881,inch,waste,mullen,titular,knockout,practised,anticipate,streamlined,preferential
882,czar,maven,strike,bribery,vibrator,causation,possessing,settlements,posthumously
883,slow,spank,helped,console,resisted,incorrect,crossroads,caricatures,battleground
884,worn,syrup,eunuch,edition,taunting,customize,completing,matchmaking,advantageous
885,swap,local,harbor,impress,opponent,preachers,clearances,philosopher,hospitalized
886,vamp,demos,rabbit,weaving,emission,surfacing,diagonally,screwdriver,dispensation
887,mode,wafer,nuance,glamour,prostate,scarecrow,dependents,televisions,correlations
888,holt,keeps,embody,markets,rosewood,complying,presidency,crucifixion,downloadable
889,same,hobby,uterus,strikes,backward,aeroplane,postpartum,permanently,spokesperson
890,tung,twins,hernia,crowned,smelling,cremation,cricketers,drastically,postponement
891,auld,louie,frauds,concise,commonly,presenter,depressing,battlefield,overestimate
892,figs,bland,travel,wrought,levelled,continent,rightfully,irradiation,screenwriter
893,rage,spike,putter,pending,spanking,galloping,politician,antiquities,hierarchical
894,send,click,shoddy,buzzard,visually,magdalene,masquerade,administers,protectorate
895,quit,onset,climbs,derived,clogging,enveloped,restaurant,interaction,oceanography
896,cove,booty,subdue,collect,playoffs,overruled,wealthiest,highlighter,missionaries
897,dues,relic,recite,bootleg,veracity,intrusion,unexplored,coincidence,miraculously
898,flew,tires,caring,dieting,activity,deduction,proficient,frustration,foundational
899,cone,cured,looked,trigger,kindness,lamenting,midwestern,untouchable,rechargeable
